dataset,mean_fit_time,std_fit_time,mean_score_time,std_score_time,param_n_estimators,param_min_samples_split,param_min_samples_leaf,param_max_depth,params,split0_test_accuracy,split1_test_accuracy,split2_test_accuracy,split3_test_accuracy,split4_test_accuracy,split5_test_accuracy,split6_test_accuracy,split7_test_accuracy,split8_test_accuracy,split9_test_accuracy,mean_test_accuracy,std_test_accuracy,rank_test_accuracy,split0_test_roc_auc,split1_test_roc_auc,split2_test_roc_auc,split3_test_roc_auc,split4_test_roc_auc,split5_test_roc_auc,split6_test_roc_auc,split7_test_roc_auc,split8_test_roc_auc,split9_test_roc_auc,mean_test_roc_auc,std_test_roc_auc,rank_test_roc_auc,split0_test_f1,split1_test_f1,split2_test_f1,split3_test_f1,split4_test_f1,split5_test_f1,split6_test_f1,split7_test_f1,split8_test_f1,split9_test_f1,mean_test_f1,std_test_f1,rank_test_f1,split0_test_precision,split1_test_precision,split2_test_precision,split3_test_precision,split4_test_precision,split5_test_precision,split6_test_precision,split7_test_precision,split8_test_precision,split9_test_precision,mean_test_precision,std_test_precision,rank_test_precision,split0_test_recall,split1_test_recall,split2_test_recall,split3_test_recall,split4_test_recall,split5_test_recall,split6_test_recall,split7_test_recall,split8_test_recall,split9_test_recall,mean_test_recall,std_test_recall,rank_test_recall
banknote_authentication,0.2631691932678223,0.013063958938488242,0.024368858337402342,0.005734061003643222,138,5,1,26,"{'n_estimators': 138, 'min_samples_split': 5, 'min_samples_leaf': 1, 'max_depth': 26}",0.9963636363636363,0.9963636363636363,0.9963503649635036,0.9854014598540146,0.9890510948905109,0.9963636363636363,0.9927272727272727,0.9890510948905109,0.9927007299270073,1.0,0.9934372926343729,0.004258453990449617,1,1.0,0.9999464266580949,0.9999460742018982,0.9995685936151855,0.9997842968075928,0.9998392799742848,0.9994106932390443,0.9997842968075927,0.9999460742018982,1.0,0.999822573550559,0.00018605515988944583,2,0.9958847736625515,0.9959183673469387,0.9959183673469387,0.9838709677419355,0.9876543209876543,0.9959183673469387,0.991869918699187,0.9877551020408163,0.9918032786885246,1.0,0.9926593463861485,0.0047312341779998214,1,1.0,0.991869918699187,0.991869918699187,0.9682539682539683,0.9917355371900827,0.991869918699187,0.9838709677419355,0.983739837398374,0.9918032786885246,1.0,0.9895013345370446,0.008740203588421274,2,0.9918032786885246,1.0,1.0,1.0,0.9836065573770492,1.0,1.0,0.9918032786885246,0.9918032786885246,1.0,0.9959016393442622,0.005498527813524079,1
banknote_authentication,0.26191372871398927,0.016232336508665738,0.025081610679626463,0.007376255466059404,138,4,1,8,"{'n_estimators': 138, 'min_samples_split': 4, 'min_samples_leaf': 1, 'max_depth': 8}",0.9963636363636363,0.9963636363636363,0.9963503649635036,0.9854014598540146,0.9890510948905109,0.9963636363636363,0.9927272727272727,0.9890510948905109,0.9927007299270073,1.0,0.9934372926343729,0.004258453990449617,1,1.0,0.9998928533161898,1.0,0.9995685936151855,0.9997842968075927,0.9998392799742848,0.9993571198971392,0.9997303710094909,0.9999460742018982,1.0,0.999811858882178,0.0002012169186018831,3,0.9958847736625515,0.9959183673469387,0.9959183673469387,0.9838709677419355,0.9876543209876543,0.9959183673469387,0.991869918699187,0.9877551020408163,0.9918032786885246,1.0,0.9926593463861485,0.0047312341779998214,1,1.0,0.991869918699187,0.991869918699187,0.9682539682539683,0.9917355371900827,0.991869918699187,0.9838709677419355,0.983739837398374,0.9918032786885246,1.0,0.9895013345370446,0.008740203588421274,2,0.9918032786885246,1.0,1.0,1.0,0.9836065573770492,1.0,1.0,0.9918032786885246,0.9918032786885246,1.0,0.9959016393442622,0.005498527813524079,1
banknote_authentication,0.1967156410217285,0.01277677404690119,0.019138479232788087,0.006291758931180874,103,10,1,29,"{'n_estimators': 103, 'min_samples_split': 10, 'min_samples_leaf': 1, 'max_depth': 29}",0.9963636363636363,0.9963636363636363,0.9963503649635036,0.9817518248175182,0.9890510948905109,0.9963636363636363,0.9927272727272727,0.9854014598540146,0.9963503649635036,1.0,0.9930723291307233,0.005525099216495141,3,1.0,0.9998928533161899,0.9999460742018982,0.9994068162208801,0.9997842968075928,0.9998392799742848,0.9993035465552341,0.9997842968075927,0.9999460742018983,1.0,0.999790323808557,0.00023096675092007274,5,0.9958847736625515,0.9959183673469387,0.9959183673469387,0.9799196787148594,0.9876543209876543,0.9959183673469387,0.991869918699187,0.9836065573770492,0.9958847736625515,1.0,0.992257512514467,0.006122634257443893,3,1.0,0.991869918699187,0.991869918699187,0.9606299212598425,0.9917355371900827,0.991869918699187,0.9838709677419355,0.9836065573770492,1.0,1.0,0.989545273966647,0.0111914109463695,1,0.9918032786885246,1.0,1.0,1.0,0.9836065573770492,1.0,1.0,0.9836065573770492,0.9918032786885246,1.0,0.9950819672131146,0.006557377049180336,3
blood_transfusion,0.07009549140930176,0.0034171770421022518,0.015925264358520506,0.004893749518618398,56,11,6,21,"{'n_estimators': 56, 'min_samples_split': 11, 'min_samples_leaf': 6, 'max_depth': 21}",0.8266666666666667,0.8133333333333334,0.78,0.8120805369127517,0.7919463087248322,0.7666666666666667,0.76,0.8,0.7986577181208053,0.8120805369127517,0.7961431767337807,0.020517776563095568,1,0.7324561403508771,0.783869395711501,0.7231968810916178,0.7601503759398496,0.7302005012531328,0.7041910331384016,0.6979775828460038,0.7389132553606237,0.7751879699248121,0.7283208020050126,0.7374463937621833,0.026691910459692568,82,0.8916666666666667,0.8842975206611571,0.8674698795180723,0.8833333333333333,0.8713692946058091,0.8535564853556485,0.8536585365853658,0.8739495798319328,0.8790322580645161,0.8852459016393442,0.8743579456261846,0.01239778964017943,1,0.8492063492063492,0.8359375,0.8,0.8412698412698413,0.8267716535433071,0.816,0.7954545454545454,0.8387096774193549,0.8134328358208955,0.8307692307692308,0.8247551633483525,0.017049327668762933,1,0.9385964912280702,0.9385964912280702,0.9473684210526315,0.9298245614035088,0.9210526315789473,0.8947368421052632,0.9210526315789473,0.9122807017543859,0.956140350877193,0.9473684210526315,0.9307017543859649,0.01774013018961112,58
blood_transfusion,0.1802961826324463,0.00803221378242288,0.02150542736053467,0.0025500084691669938,146,18,7,28,"{'n_estimators': 146, 'min_samples_split': 18, 'min_samples_leaf': 7, 'max_depth': 28}",0.8333333333333334,0.8133333333333334,0.78,0.8053691275167785,0.7718120805369127,0.7666666666666667,0.7733333333333333,0.8,0.7986577181208053,0.8120805369127517,0.7954586129753914,0.02067848296353187,2,0.7398879142300195,0.7911793372319686,0.7202729044834308,0.7625313283208021,0.7225563909774436,0.7068713450292398,0.7155214424951266,0.7437865497076023,0.7852130325814537,0.731829573934837,0.7419649818991924,0.0275750681357461,62,0.8962655601659751,0.8852459016393442,0.8674698795180723,0.8796680497925311,0.860655737704918,0.8535564853556485,0.8617886178861789,0.8739495798319328,0.8790322580645161,0.8852459016393442,0.8742877971598461,0.012621756654839944,2,0.8503937007874016,0.8307692307692308,0.8,0.8346456692913385,0.8076923076923077,0.816,0.803030303030303,0.8387096774193549,0.8134328358208955,0.8307692307692308,0.8225442955580065,0.01598161606370941,15,0.9473684210526315,0.9473684210526315,0.9473684210526315,0.9298245614035088,0.9210526315789473,0.8947368421052632,0.9298245614035088,0.9122807017543859,0.956140350877193,0.9473684210526315,0.9333333333333333,0.01848360307518023,44
blood_transfusion,0.13268570899963378,0.019940064301420375,0.0182208776473999,0.0017573764551765338,98,17,8,18,"{'n_estimators': 98, 'min_samples_split': 17, 'min_samples_leaf': 8, 'max_depth': 18}",0.82,0.8,0.7733333333333333,0.8053691275167785,0.785234899328859,0.78,0.7733333333333333,0.8,0.7986577181208053,0.8120805369127517,0.794800894854586,0.015318263935431642,3,0.7370857699805068,0.7887426900584795,0.7185672514619882,0.7630325814536342,0.7302005012531327,0.7203947368421053,0.7252680311890839,0.7437865497076024,0.7834586466165414,0.7295739348370927,0.7440110693400166,0.024336064801006665,34,0.8870292887029289,0.8760330578512396,0.864,0.8796680497925311,0.8677685950413223,0.8619246861924686,0.860655737704918,0.8739495798319328,0.8790322580645161,0.8852459016393442,0.8735307154821201,0.009046157260442306,4,0.848,0.828125,0.7941176470588235,0.8346456692913385,0.8203125,0.824,0.8076923076923077,0.8387096774193549,0.8134328358208955,0.8307692307692308,0.8239804868051952,0.015008989465460252,4,0.9298245614035088,0.9298245614035088,0.9473684210526315,0.9298245614035088,0.9210526315789473,0.9035087719298246,0.9210526315789473,0.9122807017543859,0.956140350877193,0.9473684210526315,0.9298245614035089,0.015691705105261668,66
breast_w,0.08036975860595703,0.002045723244466299,0.015619444847106933,0.003376136042618974,69,26,5,24,"{'n_estimators': 69, 'min_samples_split': 26, 'min_samples_leaf': 5, 'max_depth': 24}",0.9785714285714285,0.95,0.9714285714285714,0.9785714285714285,0.9784172661870504,0.9642857142857143,0.9857142857142858,0.9714285714285714,0.9714285714285714,0.9496402877697842,0.9699486125385406,0.011480395928161196,1,0.9968297101449275,0.9850543478260869,0.9855072463768115,0.9968602825745683,0.9919871794871795,0.9934329710144927,0.9932065217391304,0.9868659420289855,0.9952904238618524,0.9828296703296704,0.9907864295383705,0.004974017486614962,41,0.968421052631579,0.9292929292929293,0.96,0.9690721649484536,0.9696969696969697,0.9484536082474226,0.9795918367346939,0.9591836734693877,0.9583333333333334,0.9306930693069307,0.9572738637661701,0.015796693046040883,1,0.9787234042553191,0.9019607843137255,0.9230769230769231,0.9791666666666666,0.9411764705882353,0.9387755102040817,0.96,0.94,0.9787234042553191,0.8867924528301887,0.942839561619046,0.0306915293637189,4,0.9583333333333334,0.9583333333333334,1.0,0.9591836734693877,1.0,0.9583333333333334,1.0,0.9791666666666666,0.9387755102040817,0.9791666666666666,0.9731292517006802,0.020665014903113465,1
breast_w,0.12113559246063232,0.007508492649361045,0.020349621772766113,0.009703160860250255,101,12,2,15,"{'n_estimators': 101, 'min_samples_split': 12, 'min_samples_leaf': 2, 'max_depth': 15}",0.9785714285714285,0.95,0.9714285714285714,0.9785714285714285,0.9784172661870504,0.9642857142857143,0.9857142857142858,0.9642857142857143,0.9714285714285714,0.9496402877697842,0.9692343268242547,0.011587799636526156,2,0.9972826086956521,0.9846014492753623,0.9889039855072463,0.9952904238618525,0.9933608058608059,0.9947916666666667,0.9943387681159421,0.9877717391304348,0.9966360170441804,0.9858058608058609,0.9918783324964003,0.004424498939001012,10,0.968421052631579,0.9292929292929293,0.96,0.9690721649484536,0.9696969696969697,0.9484536082474226,0.9795918367346939,0.9484536082474226,0.9583333333333334,0.9292929292929293,0.9560608432425732,0.016220926355256817,4,0.9787234042553191,0.9019607843137255,0.9230769230769231,0.9791666666666666,0.9411764705882353,0.9387755102040817,0.96,0.9387755102040817,0.9787234042553191,0.9019607843137255,0.944233945787808,0.028175354671844604,2,0.9583333333333334,0.9583333333333334,1.0,0.9591836734693877,1.0,0.9583333333333334,1.0,0.9583333333333334,0.9387755102040817,0.9583333333333334,0.9689625850340138,0.02112286661433827,6
breast_w,0.12046272754669189,0.005681816624168147,0.01654050350189209,0.00256745313585133,101,25,4,28,"{'n_estimators': 101, 'min_samples_split': 25, 'min_samples_leaf': 4, 'max_depth': 28}",0.9785714285714285,0.95,0.9714285714285714,0.9785714285714285,0.9712230215827338,0.9642857142857143,0.9857142857142858,0.9714285714285714,0.9714285714285714,0.9496402877697842,0.9692291880781088,0.011147758586030787,3,0.9968297101449276,0.9836956521739131,0.9850543478260869,0.9964117515137922,0.9913003663003663,0.9936594202898551,0.9920742753623186,0.9875452898550725,0.9955146893922404,0.9851190476190477,0.9907204550477621,0.0047583110985178435,42,0.968421052631579,0.9292929292929293,0.96,0.9690721649484536,0.9591836734693877,0.9484536082474226,0.9795918367346939,0.9591836734693877,0.9583333333333334,0.9306930693069307,0.956222534143412,0.015276177480921423,3,0.9787234042553191,0.9019607843137255,0.9230769230769231,0.9791666666666666,0.94,0.9387755102040817,0.96,0.94,0.9787234042553191,0.8867924528301887,0.9427219145602225,0.03069993253567065,6,0.9583333333333334,0.9583333333333334,1.0,0.9591836734693877,0.9791666666666666,0.9583333333333334,1.0,0.9791666666666666,0.9387755102040817,0.9791666666666666,0.9710459183673468,0.018818711159341812,4
diabetes,0.1954017162322998,0.010679335779663323,0.021609282493591307,0.003447736987727022,139,25,3,6,"{'n_estimators': 139, 'min_samples_split': 25, 'min_samples_leaf': 3, 'max_depth': 6}",0.7922077922077922,0.8051948051948052,0.8051948051948052,0.7320261437908496,0.7712418300653595,0.7337662337662337,0.7597402597402597,0.7857142857142857,0.7712418300653595,0.7712418300653595,0.772756981580511,0.024507656412047985,1,0.8618518518518519,0.8640740740740741,0.8357407407407407,0.8150943396226414,0.808301886792453,0.7820370370370371,0.8457407407407408,0.8820370370370371,0.8311320754716981,0.8537735849056605,0.8379783368273935,0.028438569286054934,1,0.6666666666666666,0.6875,0.6808510638297872,0.5591397849462365,0.6728971962616822,0.5773195876288659,0.6105263157894737,0.6292134831460674,0.6666666666666666,0.6391752577319587,0.6389956022667406,0.04227570779089149,7,0.7619047619047619,0.7857142857142857,0.8,0.65,0.6666666666666666,0.6511627906976745,0.7073170731707317,0.8,0.6730769230769231,0.7045454545454546,0.7200387955776499,0.058274215525679886,42,0.5925925925925926,0.6111111111111112,0.5925925925925926,0.49056603773584906,0.6792452830188679,0.5185185185185185,0.5370370370370371,0.5185185185185185,0.660377358490566,0.5849056603773585,0.5785464709993011,0.05916276441454316,19
diabetes,0.15036294460296631,0.021859641183738714,0.01813673973083496,0.005476333279415851,105,9,16,24,"{'n_estimators': 105, 'min_samples_split': 9, 'min_samples_leaf': 16, 'max_depth': 24}",0.7922077922077922,0.7987012987012987,0.8116883116883117,0.7254901960784313,0.7581699346405228,0.7142857142857143,0.7597402597402597,0.7857142857142857,0.7908496732026143,0.7777777777777778,0.7714625244037009,0.030176206863547585,2,0.8694444444444445,0.8664814814814815,0.8292592592592593,0.8052830188679245,0.8086792452830188,0.7777777777777777,0.8355555555555556,0.8857407407407408,0.8266037735849057,0.8577358490566038,0.8362561146051712,0.0319488528281565,7,0.6666666666666666,0.6666666666666666,0.6947368421052632,0.5434782608695652,0.6336633663366337,0.56,0.6105263157894737,0.611764705882353,0.6923076923076923,0.6458333333333334,0.6325643849957648,0.049049069103398804,24,0.7619047619047619,0.7948717948717948,0.8048780487804879,0.6410256410256411,0.6666666666666666,0.6086956521739131,0.7073170731707317,0.8387096774193549,0.7058823529411765,0.7209302325581395,0.7250881901512669,0.07087330259988368,17,0.5925925925925926,0.5740740740740741,0.6111111111111112,0.4716981132075472,0.6037735849056604,0.5185185185185185,0.5370370370370371,0.48148148148148145,0.6792452830188679,0.5849056603773585,0.5654437456324248,0.060450481204716994,39
diabetes,0.15011870861053467,0.005474751060928943,0.018898677825927735,0.0008707010132252978,101,12,2,15,"{'n_estimators': 101, 'min_samples_split': 12, 'min_samples_leaf': 2, 'max_depth': 15}",0.7922077922077922,0.7922077922077922,0.7792207792207793,0.738562091503268,0.738562091503268,0.7402597402597403,0.7792207792207793,0.7922077922077922,0.7777777777777778,0.7843137254901961,0.7714540361599186,0.021805974472267273,3,0.8529629629629629,0.8511111111111112,0.8337037037037036,0.809433962264151,0.800188679245283,0.7864814814814814,0.8494444444444446,0.8794444444444445,0.8233962264150942,0.8533962264150944,0.8339563242487771,0.027293845525015032,52,0.6666666666666666,0.68,0.6666666666666666,0.5918367346938775,0.6226415094339622,0.6,0.66,0.6521739130434783,0.6851851851851852,0.6597938144329897,0.6484964490122826,0.03082700649193088,1,0.7619047619047619,0.7391304347826086,0.7083333333333334,0.6444444444444445,0.6226415094339622,0.6521739130434783,0.717391304347826,0.7894736842105263,0.6727272727272727,0.7272727272727273,0.7035493385500942,0.051439817480233754,88,0.5925925925925926,0.6296296296296297,0.6296296296296297,0.5471698113207547,0.6226415094339622,0.5555555555555556,0.6111111111111112,0.5555555555555556,0.6981132075471698,0.6037735849056604,0.6045772187281622,0.043150170999967256,2
phoneme,1.1105791807174683,0.046394138655203934,0.04580929279327393,0.0036620936999538097,138,5,1,26,"{'n_estimators': 138, 'min_samples_split': 5, 'min_samples_leaf': 1, 'max_depth': 26}",0.902867715078631,0.9093432007400555,0.8991674375578168,0.9130434782608695,0.9157407407407407,0.9019426456984274,0.9148936170212766,0.8973172987974098,0.9204440333024977,0.9148148148148149,0.9089574982012539,0.007628733025312725,1,0.9632269146283052,0.9598018894412604,0.9578984095000578,0.9562942538968159,0.9637740779175676,0.9519175186218971,0.9650127173930996,0.9531355806233175,0.9690294847383303,0.9662092603081809,0.9606300107068833,0.005445517370521281,1,0.8372093023255814,0.839344262295082,0.8278041074249605,0.8512658227848101,0.8539325842696629,0.8295819935691319,0.8511326860841424,0.8262910798122066,0.8630573248407644,0.8535031847133758,0.8433122348119719,0.012258330761062941,1,0.823170731707317,0.8737201365187713,0.8291139240506329,0.856687898089172,0.869281045751634,0.8459016393442623,0.8737541528239202,0.8198757763975155,0.8741935483870967,0.8617363344051447,0.8527435187475467,0.020667595288340418,1,0.8517350157728707,0.807570977917981,0.8264984227129337,0.8459119496855346,0.8391167192429022,0.8138801261829653,0.8296529968454258,0.832807570977918,0.8522012578616353,0.8454258675078864,0.8344800904708052,0.014567196122984516,1
phoneme,0.2519742727279663,0.006882906241743802,0.017441558837890624,0.004427366055663754,33,3,2,19,"{'n_estimators': 33, 'min_samples_split': 3, 'min_samples_leaf': 2, 'max_depth': 19}",0.9000925069380203,0.9000925069380203,0.8982423681776133,0.9037927844588344,0.9111111111111111,0.8945420906567992,0.9047178538390379,0.8936170212765957,0.9158186864014801,0.9111111111111111,0.9033138040908624,0.007054164581714019,2,0.9602147918146235,0.9521549374865806,0.956496605942491,0.9502769603600485,0.9628148889283957,0.9464692718053744,0.9607639519711959,0.9505053925049962,0.9657467626136486,0.9609647291324714,0.9566408292559825,0.006093057626035588,3,0.8343558282208589,0.8205980066445183,0.8248407643312102,0.8343949044585988,0.8436482084690554,0.814935064935065,0.8346709470304976,0.8211508553654744,0.8557844690966719,0.8466453674121406,0.8331024415964091,0.01229760241093172,2,0.8119402985074626,0.8666666666666667,0.8327974276527331,0.8451612903225807,0.8720538720538721,0.8394648829431438,0.8496732026143791,0.8098159509202454,0.8626198083067093,0.8576051779935275,0.844779857798132,0.020499966514762467,2,0.8580441640378549,0.7791798107255521,0.8170347003154574,0.8238993710691824,0.8170347003154574,0.7917981072555205,0.8201892744479495,0.832807570977918,0.8490566037735849,0.8359621451104101,0.8225006448028888,0.022676855773090265,3
phoneme,0.8684216260910034,0.020434826922762588,0.03748199939727783,0.0034187953791862246,108,9,1,18,"{'n_estimators': 108, 'min_samples_split': 9, 'min_samples_leaf': 1, 'max_depth': 18}",0.8917668825161887,0.8982423681776133,0.8991674375578168,0.9037927844588344,0.912962962962963,0.8973172987974098,0.910268270120259,0.8926919518963923,0.9158186864014801,0.9055555555555556,0.9027584198444512,0.00790593660980153,3,0.9581234412935404,0.9543144168992682,0.9556253819346953,0.9535988361070585,0.9587714112068003,0.9501977802368407,0.9618271755826053,0.9502019092605746,0.9672881789032041,0.9606732514439515,0.9570621782868539,0.0051005535060520595,2,0.8197226502311248,0.8202614379084967,0.8267090620031796,0.8343949044585988,0.8488745980707395,0.820097244732577,0.8438003220611916,0.8170347003154574,0.8553259141494436,0.8380952380952381,0.8324316072026047,0.013004920370952033,3,0.8012048192771084,0.8508474576271187,0.8333333333333334,0.8451612903225807,0.8655737704918033,0.8433333333333334,0.8618421052631579,0.8170347003154574,0.864951768488746,0.8434504792332268,0.8426733057685866,0.019815294767098333,3,0.8391167192429022,0.7917981072555205,0.8201892744479495,0.8238993710691824,0.832807570977918,0.7981072555205048,0.8264984227129337,0.8170347003154574,0.8459119496855346,0.832807570977918,0.8228170942205821,0.016206443397897674,2
credit_approval,0.15801122188568115,0.0058612403647880975,0.023107624053955077,0.0020948778507363184,103,10,1,29,"{'rforest__n_estimators': 103, 'rforest__min_samples_split': 10, 'rforest__min_samples_leaf': 1, 'rforest__max_depth': 29}",0.8333333333333334,0.8478260869565217,0.8768115942028986,0.8840579710144928,0.9057971014492754,0.8985507246376812,0.8623188405797102,0.8623188405797102,0.855072463768116,0.8623188405797102,0.868840579710145,0.021361453584034306,1,0.886990662139219,0.892720713073005,0.9321907600596127,0.93314881839472,0.9548648073238237,0.932088285229202,0.8877334465195246,0.9175005322546306,0.93698105173515,0.9080263998296786,0.9182245476558567,0.022281252406668305,48,0.8496732026143791,0.851063829787234,0.8859060402684564,0.9,0.9139072847682119,0.9054054054054054,0.8707482993197279,0.8789808917197452,0.8666666666666667,0.8789808917197452,0.8801332512269573,0.020621124677870875,2,0.8441558441558441,0.9230769230769231,0.9166666666666666,0.8674698795180723,0.9324324324324325,0.9305555555555556,0.9014084507042254,0.8625,0.8904109589041096,0.8625,0.893117671101383,0.030668182563728084,45,0.8552631578947368,0.7894736842105263,0.8571428571428571,0.935064935064935,0.8961038961038961,0.881578947368421,0.8421052631578947,0.8961038961038961,0.8441558441558441,0.8961038961038961,0.8693096377306905,0.03836664811922305,7
credit_approval,0.06110711097717285,0.005640185450427046,0.02032155990600586,0.002170055138665927,48,22,19,3,"{'rforest__n_estimators': 48, 'rforest__min_samples_split': 22, 'rforest__min_samples_leaf': 19, 'rforest__max_depth': 3}",0.8405797101449275,0.8333333333333334,0.8913043478260869,0.8695652173913043,0.9057971014492754,0.8840579710144928,0.855072463768116,0.855072463768116,0.8840579710144928,0.855072463768116,0.8673913043478262,0.022228785000257927,2,0.9086375212224108,0.8973896434634975,0.9096231637215244,0.9073876942729402,0.9506067702789015,0.9382427843803055,0.8972835314091681,0.906855439642325,0.9453906748988716,0.8895039386842666,0.915092116197421,0.020492186335444112,67,0.8607594936708861,0.8413793103448276,0.9044585987261147,0.8860759493670886,0.9150326797385621,0.8933333333333333,0.868421052631579,0.868421052631579,0.8987341772151899,0.8717948717948718,0.8808410519454032,0.021404030644731755,1,0.8292682926829268,0.8840579710144928,0.8875,0.8641975308641975,0.9210526315789473,0.9054054054054054,0.868421052631579,0.88,0.8765432098765432,0.8607594936708861,0.8777205587724979,0.023856140616285812,96,0.8947368421052632,0.8026315789473685,0.922077922077922,0.9090909090909091,0.9090909090909091,0.881578947368421,0.868421052631579,0.8571428571428571,0.922077922077922,0.8831168831168831,0.8849965823650034,0.03443222736228604,3
credit_approval,0.1644432783126831,0.0066285141049404455,0.023847579956054688,0.0037445655675475715,108,9,1,18,"{'rforest__n_estimators': 108, 'rforest__min_samples_split': 9, 'rforest__min_samples_leaf': 1, 'rforest__max_depth': 18}",0.8405797101449275,0.8478260869565217,0.8623188405797102,0.8695652173913043,0.9057971014492754,0.9057971014492754,0.855072463768116,0.8695652173913043,0.8478260869565217,0.855072463768116,0.8659420289855072,0.021799433270277294,3,0.8878395585738541,0.8848684210526315,0.9328294656163508,0.9354907387694272,0.9563551202895465,0.932937181663837,0.8900679117147708,0.9121779859484777,0.9363423461784117,0.9058973813072174,0.9174806111114526,0.023498387583369827,52,0.8552631578947368,0.851063829787234,0.87248322147651,0.8875,0.9139072847682119,0.912751677852349,0.863013698630137,0.8846153846153846,0.8609271523178808,0.8734177215189873,0.877494312886143,0.021067731403138612,3,0.8552631578947368,0.9230769230769231,0.9027777777777778,0.8554216867469879,0.9324324324324325,0.9315068493150684,0.9,0.8734177215189873,0.8783783783783784,0.8518518518518519,0.8904126778993143,0.030243353781659783,67,0.8552631578947368,0.7894736842105263,0.8441558441558441,0.922077922077922,0.8961038961038961,0.8947368421052632,0.8289473684210527,0.8961038961038961,0.8441558441558441,0.8961038961038961,0.8667122351332879,0.03870786601522781,9
credit_g,0.24659218788146972,0.013605476365745035,0.029667758941650392,0.0026561890095010083,124,12,4,24,"{'rforest__n_estimators': 124, 'rforest__min_samples_split': 12, 'rforest__min_samples_leaf': 4, 'rforest__max_depth': 24}",0.74,0.73,0.765,0.71,0.765,0.745,0.74,0.775,0.725,0.725,0.742,0.019773719933285208,1,0.7723809523809524,0.7332142857142857,0.7679166666666667,0.7801190476190476,0.763452380952381,0.7664880952380954,0.7832142857142858,0.8071428571428572,0.7626190476190476,0.7151190476190474,0.7651666666666668,0.024305952701646896,17,0.8354430379746836,0.8235294117647058,0.8507936507936508,0.8152866242038217,0.8498402555910544,0.8370607028753994,0.832258064516129,0.8580441640378549,0.8264984227129337,0.8172757475083057,0.834603008197854,0.013848135522088056,2,0.75,0.7590361445783133,0.7657142857142857,0.735632183908046,0.7687861271676301,0.7572254335260116,0.7588235294117647,0.768361581920904,0.7401129943502824,0.7639751552795031,0.7567667435856741,0.010910189308070136,7,0.9428571428571428,0.9,0.9571428571428572,0.9142857142857143,0.95,0.9357142857142857,0.9214285714285714,0.9714285714285714,0.9357142857142857,0.8785714285714286,0.9307142857142857,0.02635123820813817,92
credit_g,0.2400432825088501,0.004700760336110981,0.02891247272491455,0.0021303992481709376,108,9,1,18,"{'rforest__n_estimators': 108, 'rforest__min_samples_split': 9, 'rforest__min_samples_leaf': 1, 'rforest__max_depth': 18}",0.765,0.715,0.735,0.735,0.745,0.745,0.745,0.79,0.725,0.715,0.7415,0.02168524844220146,2,0.7635714285714287,0.7132142857142858,0.7562500000000001,0.7773809523809523,0.7561904761904762,0.7535119047619047,0.7752380952380954,0.7996428571428571,0.7604761904761903,0.7142857142857142,0.7569761904761905,0.02525226747188567,63,0.8469055374592834,0.8093645484949833,0.8262295081967214,0.8284789644012945,0.8327868852459016,0.8349514563106796,0.8338762214983714,0.864516129032258,0.8208469055374593,0.8041237113402062,0.8302079867517159,0.016491664521620736,26,0.7784431137724551,0.7610062893081762,0.7636363636363637,0.757396449704142,0.7696969696969697,0.7633136094674556,0.7664670658682635,0.788235294117647,0.7544910179640718,0.7748344370860927,0.7677520610621638,0.009770842245753057,2,0.9285714285714286,0.8642857142857143,0.9,0.9142857142857143,0.9071428571428571,0.9214285714285714,0.9142857142857143,0.9571428571428572,0.9,0.8357142857142857,0.9042857142857142,0.031975756122284836,98
credit_g,0.19979338645935057,0.005944638607279234,0.027659010887145997,0.0013928355604484151,101,12,2,15,"{'rforest__n_estimators': 101, 'rforest__min_samples_split': 12, 'rforest__min_samples_leaf': 2, 'rforest__max_depth': 15}",0.745,0.705,0.75,0.73,0.75,0.775,0.72,0.755,0.745,0.725,0.74,0.019104973174542815,3,0.770595238095238,0.724047619047619,0.7679166666666666,0.7744047619047619,0.7672619047619048,0.7617261904761905,0.7835714285714286,0.8057142857142857,0.7735714285714286,0.7272619047619049,0.7656071428571429,0.023060123034719833,16,0.8349514563106796,0.8078175895765473,0.8376623376623377,0.8258064516129032,0.8387096774193549,0.8553054662379421,0.8205128205128205,0.8463949843260188,0.8370607028753994,0.8148148148148148,0.8319036301348819,0.013827892115422452,12,0.7633136094674556,0.7425149700598802,0.7678571428571429,0.7529411764705882,0.7647058823529411,0.7777777777777778,0.7441860465116279,0.7541899441340782,0.7572254335260116,0.7707006369426752,0.7595412620100179,0.010818493395121727,5,0.9214285714285714,0.8857142857142857,0.9214285714285714,0.9142857142857143,0.9285714285714286,0.95,0.9142857142857143,0.9642857142857143,0.9357142857142857,0.8642857142857143,0.9199999999999999,0.02744196101756935,95
kr_vs_kp,0.3160757541656494,0.011929079068209126,0.052733111381530764,0.007537179475298921,138,5,1,26,"{'rforest__n_estimators': 138, 'rforest__min_samples_split': 5, 'rforest__min_samples_leaf': 1, 'rforest__max_depth': 26}",0.9875,0.9953051643192489,0.9890453834115805,0.9937402190923318,0.9890453834115805,0.99375,0.9937402190923318,0.9843505477308294,0.9906103286384976,0.9953051643192489,0.9912392410015649,0.0035119044644826287,1,0.999403154475363,0.9994011976047904,0.9997349563168745,0.9978305683714538,0.999420989617068,0.9997358224727017,0.9993717483066653,0.9983999214685384,0.9996073426916658,0.9996761467349703,0.9992581848060091,0.0006006353135543612,1,0.9869706840390879,0.9950576606260296,0.9885433715220949,0.993421052631579,0.9885433715220949,0.9934426229508196,0.9934426229508196,0.9837133550488599,0.9901639344262295,0.9950900163666121,0.9908388692084227,0.003644546011196022,1,0.9837662337662337,1.0,0.9869281045751634,0.9966996699669967,0.9901639344262295,0.9967105263157895,0.9934426229508196,0.9773462783171522,0.9901639344262295,0.9967213114754099,0.9911942616220024,0.0066419019715157285,1,0.9901960784313726,0.9901639344262295,0.9901639344262295,0.9901639344262295,0.9869281045751634,0.9901960784313726,0.9934426229508196,0.9901639344262295,0.9901639344262295,0.9934640522875817,0.9905046608807458,0.0017593263617420817,1
kr_vs_kp,0.24843437671661378,0.004498572218044211,0.04935576915740967,0.0075672243016696025,108,9,1,18,"{'rforest__n_estimators': 108, 'rforest__min_samples_split': 9, 'rforest__min_samples_leaf': 1, 'rforest__max_depth': 18}",0.984375,0.9921752738654147,0.9874804381846636,0.9859154929577465,0.9843505477308294,0.9875,0.9921752738654147,0.9812206572769953,0.9906103286384976,0.9906103286384976,0.9876413341158059,0.0035283249772317836,2,0.9991291925952017,0.9993128497104152,0.9997153234514577,0.9974771767939531,0.9993130385287248,0.9994716449454034,0.9989594581329145,0.9983410228722883,0.9994600962010406,0.9995289407054113,0.9990708743936813,0.0006436470605171241,3,0.9837133550488599,0.9917355371900827,0.9868852459016394,0.9853181076672104,0.9836065573770492,0.9867986798679867,0.9918166939443536,0.9806451612903225,0.9901639344262295,0.9901639344262295,0.9870847207139963,0.003621587527028148,2,0.9805194805194806,1.0,0.9868852459016394,0.9805194805194806,0.9868421052631579,0.9966666666666667,0.9901960784313726,0.9650793650793651,0.9901639344262295,0.993421052631579,0.987029340943897,0.00942569759155568,2,0.9869281045751634,0.9836065573770492,0.9868852459016394,0.9901639344262295,0.9803921568627451,0.9771241830065359,0.9934426229508196,0.9967213114754099,0.9901639344262295,0.9869281045751634,0.9872356155576986,0.005551679150874668,2
kr_vs_kp,0.0925067663192749,0.003942142640586578,0.03533203601837158,0.00323203319145085,33,3,2,19,"{'rforest__n_estimators': 33, 'rforest__min_samples_split': 3, 'rforest__min_samples_leaf': 2, 'rforest__max_depth': 19}",0.9890625,0.9906103286384976,0.9890453834115805,0.9874804381846636,0.9812206572769953,0.9921875,0.9890453834115805,0.974960876369327,0.9859154929577465,0.9937402190923318,0.9873268779342723,0.005260000570634405,3,0.9991487613009276,0.9994797290664573,0.9995778933935408,0.9978207519387454,0.9990088127343029,0.9992857422410082,0.998723863747914,0.997280848139786,0.9987434966133306,0.999715401676186,0.9988785300852199,0.0007429913492497527,4,0.9886547811993517,0.9901315789473685,0.9885433715220949,0.9868852459016394,0.9802631578947368,0.9917898193760263,0.9885057471264368,0.974025974025974,0.9852700490998363,0.9934640522875817,0.9867533777381047,0.005459201076735077,3,0.9807073954983923,0.9933993399339934,0.9869281045751634,0.9868852459016394,0.9867549668874173,0.9966996699669967,0.9901315789473685,0.9646302250803859,0.9836601307189542,0.9934640522875817,0.9863260709797892,0.008563415856774793,4,0.9967320261437909,0.9868852459016394,0.9901639344262295,0.9868852459016394,0.9738562091503268,0.9869281045751634,0.9868852459016394,0.9836065573770492,0.9868852459016394,0.9934640522875817,0.98722918675667,0.005747295484824655,3
credit_g_mod,0.09083480834960937,0.0017953004868493303,0.020164632797241212,0.0014053961566088827,33,3,2,19,"{'rforest__n_estimators': 33, 'rforest__min_samples_split': 3, 'rforest__min_samples_leaf': 2, 'rforest__max_depth': 19}",0.725,0.71,0.745,0.76,0.75,0.765,0.725,0.76,0.755,0.715,0.7409999999999999,0.01933907960581373,1,0.7329761904761904,0.7252380952380953,0.7617857142857143,0.7788095238095238,0.7659523809523809,0.7616666666666667,0.751547619047619,0.7655952380952381,0.7661904761904762,0.7270238095238096,0.7536785714285715,0.017784172337060977,41,0.8220064724919094,0.8066666666666666,0.8338762214983714,0.8451612903225807,0.8387096774193549,0.8498402555910544,0.8220064724919094,0.8441558441558441,0.8403908794788274,0.8080808080808081,0.8310894588197326,0.01470904999585883,14,0.7514792899408284,0.75625,0.7664670658682635,0.7705882352941177,0.7647058823529411,0.7687861271676301,0.7514792899408284,0.7738095238095238,0.7724550898203593,0.7643312101910829,0.7640351714385575,0.007837780510778204,2,0.9071428571428571,0.8642857142857143,0.9142857142857143,0.9357142857142857,0.9285714285714286,0.95,0.9071428571428571,0.9285714285714286,0.9214285714285714,0.8571428571428571,0.9114285714285714,0.028248171333264554,98
credit_g_mod,0.2405651330947876,0.02539592809454442,0.03076333999633789,0.0063824092558288845,103,10,1,29,"{'rforest__n_estimators': 103, 'rforest__min_samples_split': 10, 'rforest__min_samples_leaf': 1, 'rforest__max_depth': 29}",0.745,0.725,0.745,0.745,0.765,0.765,0.715,0.745,0.71,0.74,0.74,0.017606816861659023,2,0.7366666666666668,0.7050000000000001,0.7358333333333335,0.7803571428571427,0.7739285714285714,0.7790476190476191,0.7671428571428572,0.7910714285714286,0.7677380952380952,0.7194047619047619,0.7556190476190476,0.027671430210356316,21,0.8360128617363344,0.819672131147541,0.8338762214983714,0.8380952380952381,0.8488745980707395,0.8488745980707395,0.8155339805825242,0.8391167192429022,0.8104575163398693,0.8243243243243243,0.8314838189108583,0.012729349248100767,12,0.7602339181286549,0.7575757575757576,0.7664670658682635,0.7542857142857143,0.7719298245614035,0.7719298245614035,0.7455621301775148,0.751412429378531,0.7469879518072289,0.782051282051282,0.7608435898395753,0.011382897494112285,3,0.9285714285714286,0.8928571428571429,0.9142857142857143,0.9428571428571428,0.9428571428571428,0.9428571428571428,0.9,0.95,0.8857142857142857,0.8714285714285714,0.9171428571428573,0.026764277135993123,96
credit_g_mod,0.25438199043273924,0.0053794264557623876,0.02989189624786377,0.0029257735598034055,138,4,1,8,"{'rforest__n_estimators': 138, 'rforest__min_samples_split': 4, 'rforest__min_samples_leaf': 1, 'rforest__max_depth': 8}",0.725,0.735,0.755,0.735,0.755,0.76,0.705,0.75,0.735,0.72,0.7375,0.016770509831248438,3,0.75,0.7227380952380953,0.7673809523809524,0.7727380952380953,0.786547619047619,0.7613095238095239,0.7539285714285714,0.7990476190476191,0.7639285714285714,0.722857142857143,0.7600476190476191,0.023169505038278665,2,0.8286604361370716,0.8295819935691319,0.8473520249221184,0.8348909657320872,0.8454258675078864,0.8490566037735849,0.8138801261829653,0.8466257668711656,0.8338557993730408,0.8181818181818182,0.834751140225087,0.011803239991644102,1,0.7348066298342542,0.7543859649122807,0.7513812154696132,0.7403314917127072,0.7570621468926554,0.7584269662921348,0.7288135593220338,0.7419354838709677,0.7430167597765364,0.75,0.7460160218083184,0.009328971991593452,7,0.95,0.9214285714285714,0.9714285714285714,0.9571428571428572,0.9571428571428572,0.9642857142857143,0.9214285714285714,0.9857142857142858,0.95,0.9,0.9478571428571427,0.02475389064451924,87
phoneme_mod,1.3546717166900635,0.014680339706709886,0.04757645130157471,0.004423925071659816,138,5,1,26,"{'n_estimators': 138, 'min_samples_split': 5, 'min_samples_leaf': 1, 'max_depth': 26}",0.879740980573543,0.883441258094357,0.8769657724329325,0.8871415356151712,0.9027777777777778,0.8825161887141536,0.8852913968547641,0.8741905642923219,0.8973172987974098,0.8944444444444445,0.8863827217596876,0.008718736425615884,1,0.9471423026739557,0.9439939220770641,0.9425983120550977,0.9464625732584881,0.9519868028825283,0.940461542272945,0.9525451302294087,0.9416445075726294,0.9552412275278814,0.95090771526971,0.9472984035819708,0.00487921574080381,1,0.796875,0.7947882736156352,0.7898894154818326,0.8099688473520249,0.8298217179902755,0.7948303715670436,0.7980456026058632,0.7901234567901234,0.82574568288854,0.8143322475570033,0.8044420615848342,0.013881245069904496,1,0.7894736842105263,0.8215488215488216,0.7911392405063291,0.8024691358024691,0.8533333333333334,0.8145695364238411,0.8249158249158249,0.7734138972809668,0.8244514106583072,0.8417508417508418,0.8137065726431262,0.023465725395997415,1,0.804416403785489,0.7697160883280757,0.7886435331230284,0.8176100628930818,0.807570977917981,0.7760252365930599,0.7728706624605678,0.807570977917981,0.8270440251572327,0.7886435331230284,0.7960111501299526,0.018714626996995627,1
phoneme_mod,1.0634591341018678,0.026428420305487334,0.037837886810302736,0.0075190301787363975,108,9,1,18,"{'n_estimators': 108, 'min_samples_split': 9, 'min_samples_leaf': 1, 'max_depth': 18}",0.8815911193339501,0.8825161887141536,0.879740980573543,0.8843663274745606,0.8916666666666667,0.8723404255319149,0.883441258094357,0.8788159111933395,0.8880666049953746,0.8916666666666667,0.8834212149244527,0.005658209968225955,2,0.946461013757907,0.9418427007118436,0.9367970337093499,0.9419825745773469,0.9488611697971232,0.9358927775116851,0.9490106859134226,0.9389152228847011,0.9522531879291443,0.9477490067019196,0.9439765373494444,0.005377247203238274,2,0.8012422360248447,0.7954911433172303,0.7916666666666666,0.8043818466353677,0.8085106382978723,0.7781350482315113,0.7947882736156352,0.7975270479134466,0.8112324492979719,0.8097560975609757,0.7992731447561522,0.00954132484881751,2,0.7889908256880734,0.8125,0.8045602605863192,0.8006230529595015,0.8401360544217688,0.7934426229508197,0.8215488215488216,0.7818181818181819,0.804953560371517,0.8355704697986577,0.8084143850143661,0.018246220709613844,3,0.8138801261829653,0.7791798107255521,0.7791798107255521,0.8081761006289309,0.7791798107255521,0.7634069400630915,0.7697160883280757,0.8138801261829653,0.8176100628930818,0.7854889589905363,0.7909697835446303,0.01927176470161314,2
phoneme_mod,0.31214783191680906,0.009661115841430578,0.019664859771728514,0.006263326345005219,33,3,2,19,"{'n_estimators': 33, 'min_samples_split': 3, 'min_samples_leaf': 2, 'max_depth': 19}",0.877890841813136,0.8704902867715079,0.879740980573543,0.8899167437557817,0.8962962962962963,0.8843663274745606,0.8843663274745606,0.8677150786308974,0.8936170212765957,0.8842592592592593,0.8828659163326138,0.008771203353062954,3,0.9450736617834079,0.9374019356863262,0.9405709614018862,0.9400516827814734,0.9462709460828292,0.9337539432176656,0.9496940393413382,0.9348791021850794,0.9505984322065333,0.948164517449384,0.9426459222135926,0.005833812648696183,4,0.794392523364486,0.7734627831715211,0.7909967845659164,0.8125984251968504,0.8163934426229508,0.7967479674796748,0.7993579454253612,0.7789799072642968,0.8188976377952756,0.7967479674796748,0.7978575384366008,0.01420851188654378,3,0.7846153846153846,0.7940199335548173,0.8065573770491803,0.8138801261829653,0.8498293515358362,0.8221476510067114,0.8137254901960784,0.7636363636363637,0.8201892744479495,0.8221476510067114,0.8090748603231998,0.02250974207124949,2,0.804416403785489,0.7539432176656151,0.7760252365930599,0.8113207547169812,0.7854889589905363,0.7728706624605678,0.7854889589905363,0.7949526813880127,0.8176100628930818,0.7728706624605678,0.7874987599944447,0.018733934038775806,5
