dataset,mean_fit_time,std_fit_time,mean_score_time,std_score_time,param_min_samples_split,param_min_samples_leaf,param_max_depth,param_criterion,params,split0_test_accuracy,split1_test_accuracy,split2_test_accuracy,split3_test_accuracy,split4_test_accuracy,split5_test_accuracy,split6_test_accuracy,split7_test_accuracy,split8_test_accuracy,split9_test_accuracy,split10_test_accuracy,split11_test_accuracy,split12_test_accuracy,split13_test_accuracy,split14_test_accuracy,split15_test_accuracy,split16_test_accuracy,split17_test_accuracy,split18_test_accuracy,split19_test_accuracy,split20_test_accuracy,split21_test_accuracy,split22_test_accuracy,split23_test_accuracy,split24_test_accuracy,mean_test_accuracy,std_test_accuracy,rank_test_accuracy,split0_test_roc_auc,split1_test_roc_auc,split2_test_roc_auc,split3_test_roc_auc,split4_test_roc_auc,split5_test_roc_auc,split6_test_roc_auc,split7_test_roc_auc,split8_test_roc_auc,split9_test_roc_auc,split10_test_roc_auc,split11_test_roc_auc,split12_test_roc_auc,split13_test_roc_auc,split14_test_roc_auc,split15_test_roc_auc,split16_test_roc_auc,split17_test_roc_auc,split18_test_roc_auc,split19_test_roc_auc,split20_test_roc_auc,split21_test_roc_auc,split22_test_roc_auc,split23_test_roc_auc,split24_test_roc_auc,mean_test_roc_auc,std_test_roc_auc,rank_test_roc_auc,split0_test_f1,split1_test_f1,split2_test_f1,split3_test_f1,split4_test_f1,split5_test_f1,split6_test_f1,split7_test_f1,split8_test_f1,split9_test_f1,split10_test_f1,split11_test_f1,split12_test_f1,split13_test_f1,split14_test_f1,split15_test_f1,split16_test_f1,split17_test_f1,split18_test_f1,split19_test_f1,split20_test_f1,split21_test_f1,split22_test_f1,split23_test_f1,split24_test_f1,mean_test_f1,std_test_f1,rank_test_f1,split0_test_precision,split1_test_precision,split2_test_precision,split3_test_precision,split4_test_precision,split5_test_precision,split6_test_precision,split7_test_precision,split8_test_precision,split9_test_precision,split10_test_precision,split11_test_precision,split12_test_precision,split13_test_precision,split14_test_precision,split15_test_precision,split16_test_precision,split17_test_precision,split18_test_precision,split19_test_precision,split20_test_precision,split21_test_precision,split22_test_precision,split23_test_precision,split24_test_precision,mean_test_precision,std_test_precision,rank_test_precision,split0_test_recall,split1_test_recall,split2_test_recall,split3_test_recall,split4_test_recall,split5_test_recall,split6_test_recall,split7_test_recall,split8_test_recall,split9_test_recall,split10_test_recall,split11_test_recall,split12_test_recall,split13_test_recall,split14_test_recall,split15_test_recall,split16_test_recall,split17_test_recall,split18_test_recall,split19_test_recall,split20_test_recall,split21_test_recall,split22_test_recall,split23_test_recall,split24_test_recall,mean_test_recall,std_test_recall,rank_test_recall
banknote_authentication,0.01830974578857422,0.004906222818395204,0.015708885192871093,0.003938040472498374,50,40,3,entropy,"{'min_samples_split': 50, 'min_samples_leaf': 40, 'max_depth': 3, 'criterion': 'entropy'}",0.7326549491211841,0.7622571692876966,0.7502312673450509,0.759481961147086,0.7490740740740741,0.7483811285846439,0.7465309898242368,0.755781683626272,0.7548566142460684,0.7490740740740741,0.7456059204440333,0.7622571692876966,0.7465309898242368,0.7613320999074931,0.7472222222222222,0.7696577243293247,0.759481961147086,0.7613320999074931,0.7419056429232193,0.7546296296296297,0.7372802960222017,0.7567067530064755,0.7631822386679001,0.7687326549491211,0.7240740740740741,0.7523302155069038,0.01075492498182296,499,0.8126765157646126,0.8263580359059903,0.817239086990272,0.8193431258603494,0.8301698012576952,0.8146935438584901,0.809660263927197,0.8244855236427899,0.8290594063486569,0.8221841394793092,0.818806051497184,0.827018679703371,0.8396225246502717,0.8093301021291328,0.8100309669203832,0.8354996944522437,0.8167848943795729,0.8233562356516426,0.8145498982005819,0.8179835532163839,0.8033201479842106,0.8296922225708953,0.8203606289328952,0.8327707576019848,0.8089415432193194,0.8205574937658173,0.009037782719230617,490,0.5853658536585366,0.5834683954619124,0.3835616438356164,0.5846645367412141,0.6166902404526167,0.5555555555555556,0.6317204301075269,0.611764705882353,0.6471371504660453,0.6251728907330567,0.6008708272859217,0.6344238975817923,0.37155963302752293,0.6416666666666667,0.5673534072900158,0.615146831530139,0.656084656084656,0.5811688311688312,0.5962373371924746,0.6197991391678622,0.3106796116504854,0.640218878248974,0.5857605177993528,0.659400544959128,0.5790960451977402,0.5793827291098399,0.08786257942516763,489,0.5368421052631579,0.6,0.6942148760330579,0.5941558441558441,0.558974358974359,0.576271186440678,0.550351288056206,0.5730027548209367,0.5612009237875288,0.5566502463054187,0.5564516129032258,0.5777202072538861,0.680672268907563,0.5746268656716418,0.5700636942675159,0.603030303030303,0.5649202733485194,0.5986622073578596,0.5522788203753352,0.5684210526315789,0.6736842105263158,0.5652173913043478,0.6013289036544851,0.5817307692307693,0.5242966751918159,0.583790753579694,0.041385148078193414,499,0.6435331230283912,0.5678233438485805,0.26498422712933756,0.5754716981132075,0.6876971608832808,0.5362776025236593,0.7413249211356467,0.6561514195583596,0.7641509433962265,0.7129337539432177,0.6529968454258676,0.7034700315457413,0.2555205047318612,0.7264150943396226,0.5646687697160884,0.6277602523659306,0.7823343848580442,0.5646687697160884,0.6477987421383647,0.6813880126182965,0.20189274447949526,0.7381703470031545,0.5709779179810726,0.7610062893081762,0.6466876971608833,0.6110441838779438,0.15328454748745166,483
banknote_authentication,0.01813587188720703,0.0062828959008450055,0.014738388061523437,0.006712755016819191,46,41,3,entropy,"{'min_samples_split': 46, 'min_samples_leaf': 41, 'max_depth': 3, 'criterion': 'entropy'}",0.7326549491211841,0.7622571692876966,0.7502312673450509,0.759481961147086,0.7490740740740741,0.7483811285846439,0.7465309898242368,0.755781683626272,0.7548566142460684,0.7490740740740741,0.7456059204440333,0.7622571692876966,0.7465309898242368,0.7613320999074931,0.7472222222222222,0.7696577243293247,0.759481961147086,0.7613320999074931,0.7419056429232193,0.7546296296296297,0.7372802960222017,0.7567067530064755,0.7631822386679001,0.7687326549491211,0.7240740740740741,0.7523302155069038,0.01075492498182296,499,0.8126765157646126,0.8263580359059903,0.817239086990272,0.8193431258603494,0.8301698012576952,0.8146935438584901,0.809660263927197,0.8244855236427899,0.8290594063486569,0.8221841394793092,0.818806051497184,0.827018679703371,0.8396225246502717,0.8093301021291328,0.8100309669203832,0.8354996944522437,0.8167848943795729,0.8233562356516426,0.8145498982005819,0.8179835532163839,0.8033201479842106,0.8296922225708953,0.8203606289328952,0.8327707576019848,0.8089415432193194,0.8205574937658173,0.009037782719230617,490,0.5853658536585366,0.5834683954619124,0.3835616438356164,0.5846645367412141,0.6166902404526167,0.5555555555555556,0.6317204301075269,0.611764705882353,0.6471371504660453,0.6251728907330567,0.6008708272859217,0.6344238975817923,0.37155963302752293,0.6416666666666667,0.5673534072900158,0.615146831530139,0.656084656084656,0.5811688311688312,0.5962373371924746,0.6197991391678622,0.3106796116504854,0.640218878248974,0.5857605177993528,0.659400544959128,0.5790960451977402,0.5793827291098399,0.08786257942516763,489,0.5368421052631579,0.6,0.6942148760330579,0.5941558441558441,0.558974358974359,0.576271186440678,0.550351288056206,0.5730027548209367,0.5612009237875288,0.5566502463054187,0.5564516129032258,0.5777202072538861,0.680672268907563,0.5746268656716418,0.5700636942675159,0.603030303030303,0.5649202733485194,0.5986622073578596,0.5522788203753352,0.5684210526315789,0.6736842105263158,0.5652173913043478,0.6013289036544851,0.5817307692307693,0.5242966751918159,0.583790753579694,0.041385148078193414,499,0.6435331230283912,0.5678233438485805,0.26498422712933756,0.5754716981132075,0.6876971608832808,0.5362776025236593,0.7413249211356467,0.6561514195583596,0.7641509433962265,0.7129337539432177,0.6529968454258676,0.7034700315457413,0.2555205047318612,0.7264150943396226,0.5646687697160884,0.6277602523659306,0.7823343848580442,0.5646687697160884,0.6477987421383647,0.6813880126182965,0.20189274447949526,0.7381703470031545,0.5709779179810726,0.7610062893081762,0.6466876971608833,0.6110441838779438,0.15328454748745166,483
banknote_authentication,0.03282122611999512,0.0010646758861837357,0.00040294647216796873,0.0008614668108781821,47,7,3,entropy,"{'min_samples_split': 47, 'min_samples_leaf': 7, 'max_depth': 3, 'criterion': 'entropy'}",0.7326549491211841,0.7622571692876966,0.7502312673450509,0.7585568917668826,0.7490740740740741,0.7483811285846439,0.7465309898242368,0.755781683626272,0.7548566142460684,0.7490740740740741,0.7456059204440333,0.7622571692876966,0.7465309898242368,0.7613320999074931,0.7472222222222222,0.7696577243293247,0.759481961147086,0.7613320999074931,0.7419056429232193,0.7546296296296297,0.7372802960222017,0.7567067530064755,0.7650323774283071,0.7687326549491211,0.7240740740740741,0.7523672182821118,0.01081273063812676,498,0.8126765157646126,0.8272911952697904,0.817239086990272,0.8187043036013091,0.8301698012576952,0.8149825755198441,0.8107255520504733,0.8244855236427899,0.8290594063486569,0.8221841394793092,0.818806051497184,0.827018679703371,0.8396225246502717,0.8108591541169005,0.8111576005391303,0.8354996944522437,0.8180690207607314,0.8229330107189456,0.8145498982005819,0.8179835532163839,0.8033201479842106,0.8296922225708953,0.8183477298627514,0.8327707576019848,0.8089415432193194,0.8206835875607862,0.008877107339976334,487,0.5853658536585366,0.5834683954619124,0.3835616438356164,0.583732057416268,0.6166902404526167,0.5555555555555556,0.6317204301075269,0.611764705882353,0.6471371504660453,0.6251728907330567,0.6008708272859217,0.6344238975817923,0.37155963302752293,0.6416666666666667,0.5673534072900158,0.615146831530139,0.656084656084656,0.5811688311688312,0.5962373371924746,0.6197991391678622,0.3106796116504854,0.640218878248974,0.549645390070922,0.659400544959128,0.5790960451977402,0.5779008248277049,0.08803989388520907,500,0.5368421052631579,0.6,0.6942148760330579,0.5922330097087378,0.558974358974359,0.576271186440678,0.550351288056206,0.5730027548209367,0.5612009237875288,0.5566502463054187,0.5564516129032258,0.5777202072538861,0.680672268907563,0.5746268656716418,0.5700636942675159,0.603030303030303,0.5649202733485194,0.5986622073578596,0.5522788203753352,0.5684210526315789,0.6736842105263158,0.5652173913043478,0.6275303643724697,0.5817307692307693,0.5242966751918159,0.5847618986305291,0.04212556819735969,496,0.6435331230283912,0.5678233438485805,0.26498422712933756,0.5754716981132075,0.6876971608832808,0.5362776025236593,0.7413249211356467,0.6561514195583596,0.7641509433962265,0.7129337539432177,0.6529968454258676,0.7034700315457413,0.2555205047318612,0.7264150943396226,0.5646687697160884,0.6277602523659306,0.7823343848580442,0.5646687697160884,0.6477987421383647,0.6813880126182965,0.20189274447949526,0.7381703470031545,0.4889589905362776,0.7610062893081762,0.6466876971608833,0.6077634267801519,0.15497538089036025,487
blood_transfusion,0.01830974578857422,0.004906222818395204,0.015708885192871093,0.003938040472498374,50,40,3,entropy,"{'min_samples_split': 50, 'min_samples_leaf': 40, 'max_depth': 3, 'criterion': 'entropy'}",0.7326549491211841,0.7622571692876966,0.7502312673450509,0.759481961147086,0.7490740740740741,0.7483811285846439,0.7465309898242368,0.755781683626272,0.7548566142460684,0.7490740740740741,0.7456059204440333,0.7622571692876966,0.7465309898242368,0.7613320999074931,0.7472222222222222,0.7696577243293247,0.759481961147086,0.7613320999074931,0.7419056429232193,0.7546296296296297,0.7372802960222017,0.7567067530064755,0.7631822386679001,0.7687326549491211,0.7240740740740741,0.7523302155069038,0.01075492498182296,499,0.8126765157646126,0.8263580359059903,0.817239086990272,0.8193431258603494,0.8301698012576952,0.8146935438584901,0.809660263927197,0.8244855236427899,0.8290594063486569,0.8221841394793092,0.818806051497184,0.827018679703371,0.8396225246502717,0.8093301021291328,0.8100309669203832,0.8354996944522437,0.8167848943795729,0.8233562356516426,0.8145498982005819,0.8179835532163839,0.8033201479842106,0.8296922225708953,0.8203606289328952,0.8327707576019848,0.8089415432193194,0.8205574937658173,0.009037782719230617,490,0.5853658536585366,0.5834683954619124,0.3835616438356164,0.5846645367412141,0.6166902404526167,0.5555555555555556,0.6317204301075269,0.611764705882353,0.6471371504660453,0.6251728907330567,0.6008708272859217,0.6344238975817923,0.37155963302752293,0.6416666666666667,0.5673534072900158,0.615146831530139,0.656084656084656,0.5811688311688312,0.5962373371924746,0.6197991391678622,0.3106796116504854,0.640218878248974,0.5857605177993528,0.659400544959128,0.5790960451977402,0.5793827291098399,0.08786257942516763,489,0.5368421052631579,0.6,0.6942148760330579,0.5941558441558441,0.558974358974359,0.576271186440678,0.550351288056206,0.5730027548209367,0.5612009237875288,0.5566502463054187,0.5564516129032258,0.5777202072538861,0.680672268907563,0.5746268656716418,0.5700636942675159,0.603030303030303,0.5649202733485194,0.5986622073578596,0.5522788203753352,0.5684210526315789,0.6736842105263158,0.5652173913043478,0.6013289036544851,0.5817307692307693,0.5242966751918159,0.583790753579694,0.041385148078193414,499,0.6435331230283912,0.5678233438485805,0.26498422712933756,0.5754716981132075,0.6876971608832808,0.5362776025236593,0.7413249211356467,0.6561514195583596,0.7641509433962265,0.7129337539432177,0.6529968454258676,0.7034700315457413,0.2555205047318612,0.7264150943396226,0.5646687697160884,0.6277602523659306,0.7823343848580442,0.5646687697160884,0.6477987421383647,0.6813880126182965,0.20189274447949526,0.7381703470031545,0.5709779179810726,0.7610062893081762,0.6466876971608833,0.6110441838779438,0.15328454748745166,483
blood_transfusion,0.01813587188720703,0.0062828959008450055,0.014738388061523437,0.006712755016819191,46,41,3,entropy,"{'min_samples_split': 46, 'min_samples_leaf': 41, 'max_depth': 3, 'criterion': 'entropy'}",0.7326549491211841,0.7622571692876966,0.7502312673450509,0.759481961147086,0.7490740740740741,0.7483811285846439,0.7465309898242368,0.755781683626272,0.7548566142460684,0.7490740740740741,0.7456059204440333,0.7622571692876966,0.7465309898242368,0.7613320999074931,0.7472222222222222,0.7696577243293247,0.759481961147086,0.7613320999074931,0.7419056429232193,0.7546296296296297,0.7372802960222017,0.7567067530064755,0.7631822386679001,0.7687326549491211,0.7240740740740741,0.7523302155069038,0.01075492498182296,499,0.8126765157646126,0.8263580359059903,0.817239086990272,0.8193431258603494,0.8301698012576952,0.8146935438584901,0.809660263927197,0.8244855236427899,0.8290594063486569,0.8221841394793092,0.818806051497184,0.827018679703371,0.8396225246502717,0.8093301021291328,0.8100309669203832,0.8354996944522437,0.8167848943795729,0.8233562356516426,0.8145498982005819,0.8179835532163839,0.8033201479842106,0.8296922225708953,0.8203606289328952,0.8327707576019848,0.8089415432193194,0.8205574937658173,0.009037782719230617,490,0.5853658536585366,0.5834683954619124,0.3835616438356164,0.5846645367412141,0.6166902404526167,0.5555555555555556,0.6317204301075269,0.611764705882353,0.6471371504660453,0.6251728907330567,0.6008708272859217,0.6344238975817923,0.37155963302752293,0.6416666666666667,0.5673534072900158,0.615146831530139,0.656084656084656,0.5811688311688312,0.5962373371924746,0.6197991391678622,0.3106796116504854,0.640218878248974,0.5857605177993528,0.659400544959128,0.5790960451977402,0.5793827291098399,0.08786257942516763,489,0.5368421052631579,0.6,0.6942148760330579,0.5941558441558441,0.558974358974359,0.576271186440678,0.550351288056206,0.5730027548209367,0.5612009237875288,0.5566502463054187,0.5564516129032258,0.5777202072538861,0.680672268907563,0.5746268656716418,0.5700636942675159,0.603030303030303,0.5649202733485194,0.5986622073578596,0.5522788203753352,0.5684210526315789,0.6736842105263158,0.5652173913043478,0.6013289036544851,0.5817307692307693,0.5242966751918159,0.583790753579694,0.041385148078193414,499,0.6435331230283912,0.5678233438485805,0.26498422712933756,0.5754716981132075,0.6876971608832808,0.5362776025236593,0.7413249211356467,0.6561514195583596,0.7641509433962265,0.7129337539432177,0.6529968454258676,0.7034700315457413,0.2555205047318612,0.7264150943396226,0.5646687697160884,0.6277602523659306,0.7823343848580442,0.5646687697160884,0.6477987421383647,0.6813880126182965,0.20189274447949526,0.7381703470031545,0.5709779179810726,0.7610062893081762,0.6466876971608833,0.6110441838779438,0.15328454748745166,483
blood_transfusion,0.03282122611999512,0.0010646758861837357,0.00040294647216796873,0.0008614668108781821,47,7,3,entropy,"{'min_samples_split': 47, 'min_samples_leaf': 7, 'max_depth': 3, 'criterion': 'entropy'}",0.7326549491211841,0.7622571692876966,0.7502312673450509,0.7585568917668826,0.7490740740740741,0.7483811285846439,0.7465309898242368,0.755781683626272,0.7548566142460684,0.7490740740740741,0.7456059204440333,0.7622571692876966,0.7465309898242368,0.7613320999074931,0.7472222222222222,0.7696577243293247,0.759481961147086,0.7613320999074931,0.7419056429232193,0.7546296296296297,0.7372802960222017,0.7567067530064755,0.7650323774283071,0.7687326549491211,0.7240740740740741,0.7523672182821118,0.01081273063812676,498,0.8126765157646126,0.8272911952697904,0.817239086990272,0.8187043036013091,0.8301698012576952,0.8149825755198441,0.8107255520504733,0.8244855236427899,0.8290594063486569,0.8221841394793092,0.818806051497184,0.827018679703371,0.8396225246502717,0.8108591541169005,0.8111576005391303,0.8354996944522437,0.8180690207607314,0.8229330107189456,0.8145498982005819,0.8179835532163839,0.8033201479842106,0.8296922225708953,0.8183477298627514,0.8327707576019848,0.8089415432193194,0.8206835875607862,0.008877107339976334,487,0.5853658536585366,0.5834683954619124,0.3835616438356164,0.583732057416268,0.6166902404526167,0.5555555555555556,0.6317204301075269,0.611764705882353,0.6471371504660453,0.6251728907330567,0.6008708272859217,0.6344238975817923,0.37155963302752293,0.6416666666666667,0.5673534072900158,0.615146831530139,0.656084656084656,0.5811688311688312,0.5962373371924746,0.6197991391678622,0.3106796116504854,0.640218878248974,0.549645390070922,0.659400544959128,0.5790960451977402,0.5779008248277049,0.08803989388520907,500,0.5368421052631579,0.6,0.6942148760330579,0.5922330097087378,0.558974358974359,0.576271186440678,0.550351288056206,0.5730027548209367,0.5612009237875288,0.5566502463054187,0.5564516129032258,0.5777202072538861,0.680672268907563,0.5746268656716418,0.5700636942675159,0.603030303030303,0.5649202733485194,0.5986622073578596,0.5522788203753352,0.5684210526315789,0.6736842105263158,0.5652173913043478,0.6275303643724697,0.5817307692307693,0.5242966751918159,0.5847618986305291,0.04212556819735969,496,0.6435331230283912,0.5678233438485805,0.26498422712933756,0.5754716981132075,0.6876971608832808,0.5362776025236593,0.7413249211356467,0.6561514195583596,0.7641509433962265,0.7129337539432177,0.6529968454258676,0.7034700315457413,0.2555205047318612,0.7264150943396226,0.5646687697160884,0.6277602523659306,0.7823343848580442,0.5646687697160884,0.6477987421383647,0.6813880126182965,0.20189274447949526,0.7381703470031545,0.4889589905362776,0.7610062893081762,0.6466876971608833,0.6077634267801519,0.15497538089036025,487
breast_w,0.01830974578857422,0.004906222818395204,0.015708885192871093,0.003938040472498374,50,40,3,entropy,"{'min_samples_split': 50, 'min_samples_leaf': 40, 'max_depth': 3, 'criterion': 'entropy'}",0.7326549491211841,0.7622571692876966,0.7502312673450509,0.759481961147086,0.7490740740740741,0.7483811285846439,0.7465309898242368,0.755781683626272,0.7548566142460684,0.7490740740740741,0.7456059204440333,0.7622571692876966,0.7465309898242368,0.7613320999074931,0.7472222222222222,0.7696577243293247,0.759481961147086,0.7613320999074931,0.7419056429232193,0.7546296296296297,0.7372802960222017,0.7567067530064755,0.7631822386679001,0.7687326549491211,0.7240740740740741,0.7523302155069038,0.01075492498182296,499,0.8126765157646126,0.8263580359059903,0.817239086990272,0.8193431258603494,0.8301698012576952,0.8146935438584901,0.809660263927197,0.8244855236427899,0.8290594063486569,0.8221841394793092,0.818806051497184,0.827018679703371,0.8396225246502717,0.8093301021291328,0.8100309669203832,0.8354996944522437,0.8167848943795729,0.8233562356516426,0.8145498982005819,0.8179835532163839,0.8033201479842106,0.8296922225708953,0.8203606289328952,0.8327707576019848,0.8089415432193194,0.8205574937658173,0.009037782719230617,490,0.5853658536585366,0.5834683954619124,0.3835616438356164,0.5846645367412141,0.6166902404526167,0.5555555555555556,0.6317204301075269,0.611764705882353,0.6471371504660453,0.6251728907330567,0.6008708272859217,0.6344238975817923,0.37155963302752293,0.6416666666666667,0.5673534072900158,0.615146831530139,0.656084656084656,0.5811688311688312,0.5962373371924746,0.6197991391678622,0.3106796116504854,0.640218878248974,0.5857605177993528,0.659400544959128,0.5790960451977402,0.5793827291098399,0.08786257942516763,489,0.5368421052631579,0.6,0.6942148760330579,0.5941558441558441,0.558974358974359,0.576271186440678,0.550351288056206,0.5730027548209367,0.5612009237875288,0.5566502463054187,0.5564516129032258,0.5777202072538861,0.680672268907563,0.5746268656716418,0.5700636942675159,0.603030303030303,0.5649202733485194,0.5986622073578596,0.5522788203753352,0.5684210526315789,0.6736842105263158,0.5652173913043478,0.6013289036544851,0.5817307692307693,0.5242966751918159,0.583790753579694,0.041385148078193414,499,0.6435331230283912,0.5678233438485805,0.26498422712933756,0.5754716981132075,0.6876971608832808,0.5362776025236593,0.7413249211356467,0.6561514195583596,0.7641509433962265,0.7129337539432177,0.6529968454258676,0.7034700315457413,0.2555205047318612,0.7264150943396226,0.5646687697160884,0.6277602523659306,0.7823343848580442,0.5646687697160884,0.6477987421383647,0.6813880126182965,0.20189274447949526,0.7381703470031545,0.5709779179810726,0.7610062893081762,0.6466876971608833,0.6110441838779438,0.15328454748745166,483
breast_w,0.01813587188720703,0.0062828959008450055,0.014738388061523437,0.006712755016819191,46,41,3,entropy,"{'min_samples_split': 46, 'min_samples_leaf': 41, 'max_depth': 3, 'criterion': 'entropy'}",0.7326549491211841,0.7622571692876966,0.7502312673450509,0.759481961147086,0.7490740740740741,0.7483811285846439,0.7465309898242368,0.755781683626272,0.7548566142460684,0.7490740740740741,0.7456059204440333,0.7622571692876966,0.7465309898242368,0.7613320999074931,0.7472222222222222,0.7696577243293247,0.759481961147086,0.7613320999074931,0.7419056429232193,0.7546296296296297,0.7372802960222017,0.7567067530064755,0.7631822386679001,0.7687326549491211,0.7240740740740741,0.7523302155069038,0.01075492498182296,499,0.8126765157646126,0.8263580359059903,0.817239086990272,0.8193431258603494,0.8301698012576952,0.8146935438584901,0.809660263927197,0.8244855236427899,0.8290594063486569,0.8221841394793092,0.818806051497184,0.827018679703371,0.8396225246502717,0.8093301021291328,0.8100309669203832,0.8354996944522437,0.8167848943795729,0.8233562356516426,0.8145498982005819,0.8179835532163839,0.8033201479842106,0.8296922225708953,0.8203606289328952,0.8327707576019848,0.8089415432193194,0.8205574937658173,0.009037782719230617,490,0.5853658536585366,0.5834683954619124,0.3835616438356164,0.5846645367412141,0.6166902404526167,0.5555555555555556,0.6317204301075269,0.611764705882353,0.6471371504660453,0.6251728907330567,0.6008708272859217,0.6344238975817923,0.37155963302752293,0.6416666666666667,0.5673534072900158,0.615146831530139,0.656084656084656,0.5811688311688312,0.5962373371924746,0.6197991391678622,0.3106796116504854,0.640218878248974,0.5857605177993528,0.659400544959128,0.5790960451977402,0.5793827291098399,0.08786257942516763,489,0.5368421052631579,0.6,0.6942148760330579,0.5941558441558441,0.558974358974359,0.576271186440678,0.550351288056206,0.5730027548209367,0.5612009237875288,0.5566502463054187,0.5564516129032258,0.5777202072538861,0.680672268907563,0.5746268656716418,0.5700636942675159,0.603030303030303,0.5649202733485194,0.5986622073578596,0.5522788203753352,0.5684210526315789,0.6736842105263158,0.5652173913043478,0.6013289036544851,0.5817307692307693,0.5242966751918159,0.583790753579694,0.041385148078193414,499,0.6435331230283912,0.5678233438485805,0.26498422712933756,0.5754716981132075,0.6876971608832808,0.5362776025236593,0.7413249211356467,0.6561514195583596,0.7641509433962265,0.7129337539432177,0.6529968454258676,0.7034700315457413,0.2555205047318612,0.7264150943396226,0.5646687697160884,0.6277602523659306,0.7823343848580442,0.5646687697160884,0.6477987421383647,0.6813880126182965,0.20189274447949526,0.7381703470031545,0.5709779179810726,0.7610062893081762,0.6466876971608833,0.6110441838779438,0.15328454748745166,483
breast_w,0.03282122611999512,0.0010646758861837357,0.00040294647216796873,0.0008614668108781821,47,7,3,entropy,"{'min_samples_split': 47, 'min_samples_leaf': 7, 'max_depth': 3, 'criterion': 'entropy'}",0.7326549491211841,0.7622571692876966,0.7502312673450509,0.7585568917668826,0.7490740740740741,0.7483811285846439,0.7465309898242368,0.755781683626272,0.7548566142460684,0.7490740740740741,0.7456059204440333,0.7622571692876966,0.7465309898242368,0.7613320999074931,0.7472222222222222,0.7696577243293247,0.759481961147086,0.7613320999074931,0.7419056429232193,0.7546296296296297,0.7372802960222017,0.7567067530064755,0.7650323774283071,0.7687326549491211,0.7240740740740741,0.7523672182821118,0.01081273063812676,498,0.8126765157646126,0.8272911952697904,0.817239086990272,0.8187043036013091,0.8301698012576952,0.8149825755198441,0.8107255520504733,0.8244855236427899,0.8290594063486569,0.8221841394793092,0.818806051497184,0.827018679703371,0.8396225246502717,0.8108591541169005,0.8111576005391303,0.8354996944522437,0.8180690207607314,0.8229330107189456,0.8145498982005819,0.8179835532163839,0.8033201479842106,0.8296922225708953,0.8183477298627514,0.8327707576019848,0.8089415432193194,0.8206835875607862,0.008877107339976334,487,0.5853658536585366,0.5834683954619124,0.3835616438356164,0.583732057416268,0.6166902404526167,0.5555555555555556,0.6317204301075269,0.611764705882353,0.6471371504660453,0.6251728907330567,0.6008708272859217,0.6344238975817923,0.37155963302752293,0.6416666666666667,0.5673534072900158,0.615146831530139,0.656084656084656,0.5811688311688312,0.5962373371924746,0.6197991391678622,0.3106796116504854,0.640218878248974,0.549645390070922,0.659400544959128,0.5790960451977402,0.5779008248277049,0.08803989388520907,500,0.5368421052631579,0.6,0.6942148760330579,0.5922330097087378,0.558974358974359,0.576271186440678,0.550351288056206,0.5730027548209367,0.5612009237875288,0.5566502463054187,0.5564516129032258,0.5777202072538861,0.680672268907563,0.5746268656716418,0.5700636942675159,0.603030303030303,0.5649202733485194,0.5986622073578596,0.5522788203753352,0.5684210526315789,0.6736842105263158,0.5652173913043478,0.6275303643724697,0.5817307692307693,0.5242966751918159,0.5847618986305291,0.04212556819735969,496,0.6435331230283912,0.5678233438485805,0.26498422712933756,0.5754716981132075,0.6876971608832808,0.5362776025236593,0.7413249211356467,0.6561514195583596,0.7641509433962265,0.7129337539432177,0.6529968454258676,0.7034700315457413,0.2555205047318612,0.7264150943396226,0.5646687697160884,0.6277602523659306,0.7823343848580442,0.5646687697160884,0.6477987421383647,0.6813880126182965,0.20189274447949526,0.7381703470031545,0.4889589905362776,0.7610062893081762,0.6466876971608833,0.6077634267801519,0.15497538089036025,487
diabetes,0.01830974578857422,0.004906222818395204,0.015708885192871093,0.003938040472498374,50,40,3,entropy,"{'min_samples_split': 50, 'min_samples_leaf': 40, 'max_depth': 3, 'criterion': 'entropy'}",0.7326549491211841,0.7622571692876966,0.7502312673450509,0.759481961147086,0.7490740740740741,0.7483811285846439,0.7465309898242368,0.755781683626272,0.7548566142460684,0.7490740740740741,0.7456059204440333,0.7622571692876966,0.7465309898242368,0.7613320999074931,0.7472222222222222,0.7696577243293247,0.759481961147086,0.7613320999074931,0.7419056429232193,0.7546296296296297,0.7372802960222017,0.7567067530064755,0.7631822386679001,0.7687326549491211,0.7240740740740741,0.7523302155069038,0.01075492498182296,499,0.8126765157646126,0.8263580359059903,0.817239086990272,0.8193431258603494,0.8301698012576952,0.8146935438584901,0.809660263927197,0.8244855236427899,0.8290594063486569,0.8221841394793092,0.818806051497184,0.827018679703371,0.8396225246502717,0.8093301021291328,0.8100309669203832,0.8354996944522437,0.8167848943795729,0.8233562356516426,0.8145498982005819,0.8179835532163839,0.8033201479842106,0.8296922225708953,0.8203606289328952,0.8327707576019848,0.8089415432193194,0.8205574937658173,0.009037782719230617,490,0.5853658536585366,0.5834683954619124,0.3835616438356164,0.5846645367412141,0.6166902404526167,0.5555555555555556,0.6317204301075269,0.611764705882353,0.6471371504660453,0.6251728907330567,0.6008708272859217,0.6344238975817923,0.37155963302752293,0.6416666666666667,0.5673534072900158,0.615146831530139,0.656084656084656,0.5811688311688312,0.5962373371924746,0.6197991391678622,0.3106796116504854,0.640218878248974,0.5857605177993528,0.659400544959128,0.5790960451977402,0.5793827291098399,0.08786257942516763,489,0.5368421052631579,0.6,0.6942148760330579,0.5941558441558441,0.558974358974359,0.576271186440678,0.550351288056206,0.5730027548209367,0.5612009237875288,0.5566502463054187,0.5564516129032258,0.5777202072538861,0.680672268907563,0.5746268656716418,0.5700636942675159,0.603030303030303,0.5649202733485194,0.5986622073578596,0.5522788203753352,0.5684210526315789,0.6736842105263158,0.5652173913043478,0.6013289036544851,0.5817307692307693,0.5242966751918159,0.583790753579694,0.041385148078193414,499,0.6435331230283912,0.5678233438485805,0.26498422712933756,0.5754716981132075,0.6876971608832808,0.5362776025236593,0.7413249211356467,0.6561514195583596,0.7641509433962265,0.7129337539432177,0.6529968454258676,0.7034700315457413,0.2555205047318612,0.7264150943396226,0.5646687697160884,0.6277602523659306,0.7823343848580442,0.5646687697160884,0.6477987421383647,0.6813880126182965,0.20189274447949526,0.7381703470031545,0.5709779179810726,0.7610062893081762,0.6466876971608833,0.6110441838779438,0.15328454748745166,483
diabetes,0.01813587188720703,0.0062828959008450055,0.014738388061523437,0.006712755016819191,46,41,3,entropy,"{'min_samples_split': 46, 'min_samples_leaf': 41, 'max_depth': 3, 'criterion': 'entropy'}",0.7326549491211841,0.7622571692876966,0.7502312673450509,0.759481961147086,0.7490740740740741,0.7483811285846439,0.7465309898242368,0.755781683626272,0.7548566142460684,0.7490740740740741,0.7456059204440333,0.7622571692876966,0.7465309898242368,0.7613320999074931,0.7472222222222222,0.7696577243293247,0.759481961147086,0.7613320999074931,0.7419056429232193,0.7546296296296297,0.7372802960222017,0.7567067530064755,0.7631822386679001,0.7687326549491211,0.7240740740740741,0.7523302155069038,0.01075492498182296,499,0.8126765157646126,0.8263580359059903,0.817239086990272,0.8193431258603494,0.8301698012576952,0.8146935438584901,0.809660263927197,0.8244855236427899,0.8290594063486569,0.8221841394793092,0.818806051497184,0.827018679703371,0.8396225246502717,0.8093301021291328,0.8100309669203832,0.8354996944522437,0.8167848943795729,0.8233562356516426,0.8145498982005819,0.8179835532163839,0.8033201479842106,0.8296922225708953,0.8203606289328952,0.8327707576019848,0.8089415432193194,0.8205574937658173,0.009037782719230617,490,0.5853658536585366,0.5834683954619124,0.3835616438356164,0.5846645367412141,0.6166902404526167,0.5555555555555556,0.6317204301075269,0.611764705882353,0.6471371504660453,0.6251728907330567,0.6008708272859217,0.6344238975817923,0.37155963302752293,0.6416666666666667,0.5673534072900158,0.615146831530139,0.656084656084656,0.5811688311688312,0.5962373371924746,0.6197991391678622,0.3106796116504854,0.640218878248974,0.5857605177993528,0.659400544959128,0.5790960451977402,0.5793827291098399,0.08786257942516763,489,0.5368421052631579,0.6,0.6942148760330579,0.5941558441558441,0.558974358974359,0.576271186440678,0.550351288056206,0.5730027548209367,0.5612009237875288,0.5566502463054187,0.5564516129032258,0.5777202072538861,0.680672268907563,0.5746268656716418,0.5700636942675159,0.603030303030303,0.5649202733485194,0.5986622073578596,0.5522788203753352,0.5684210526315789,0.6736842105263158,0.5652173913043478,0.6013289036544851,0.5817307692307693,0.5242966751918159,0.583790753579694,0.041385148078193414,499,0.6435331230283912,0.5678233438485805,0.26498422712933756,0.5754716981132075,0.6876971608832808,0.5362776025236593,0.7413249211356467,0.6561514195583596,0.7641509433962265,0.7129337539432177,0.6529968454258676,0.7034700315457413,0.2555205047318612,0.7264150943396226,0.5646687697160884,0.6277602523659306,0.7823343848580442,0.5646687697160884,0.6477987421383647,0.6813880126182965,0.20189274447949526,0.7381703470031545,0.5709779179810726,0.7610062893081762,0.6466876971608833,0.6110441838779438,0.15328454748745166,483
diabetes,0.03282122611999512,0.0010646758861837357,0.00040294647216796873,0.0008614668108781821,47,7,3,entropy,"{'min_samples_split': 47, 'min_samples_leaf': 7, 'max_depth': 3, 'criterion': 'entropy'}",0.7326549491211841,0.7622571692876966,0.7502312673450509,0.7585568917668826,0.7490740740740741,0.7483811285846439,0.7465309898242368,0.755781683626272,0.7548566142460684,0.7490740740740741,0.7456059204440333,0.7622571692876966,0.7465309898242368,0.7613320999074931,0.7472222222222222,0.7696577243293247,0.759481961147086,0.7613320999074931,0.7419056429232193,0.7546296296296297,0.7372802960222017,0.7567067530064755,0.7650323774283071,0.7687326549491211,0.7240740740740741,0.7523672182821118,0.01081273063812676,498,0.8126765157646126,0.8272911952697904,0.817239086990272,0.8187043036013091,0.8301698012576952,0.8149825755198441,0.8107255520504733,0.8244855236427899,0.8290594063486569,0.8221841394793092,0.818806051497184,0.827018679703371,0.8396225246502717,0.8108591541169005,0.8111576005391303,0.8354996944522437,0.8180690207607314,0.8229330107189456,0.8145498982005819,0.8179835532163839,0.8033201479842106,0.8296922225708953,0.8183477298627514,0.8327707576019848,0.8089415432193194,0.8206835875607862,0.008877107339976334,487,0.5853658536585366,0.5834683954619124,0.3835616438356164,0.583732057416268,0.6166902404526167,0.5555555555555556,0.6317204301075269,0.611764705882353,0.6471371504660453,0.6251728907330567,0.6008708272859217,0.6344238975817923,0.37155963302752293,0.6416666666666667,0.5673534072900158,0.615146831530139,0.656084656084656,0.5811688311688312,0.5962373371924746,0.6197991391678622,0.3106796116504854,0.640218878248974,0.549645390070922,0.659400544959128,0.5790960451977402,0.5779008248277049,0.08803989388520907,500,0.5368421052631579,0.6,0.6942148760330579,0.5922330097087378,0.558974358974359,0.576271186440678,0.550351288056206,0.5730027548209367,0.5612009237875288,0.5566502463054187,0.5564516129032258,0.5777202072538861,0.680672268907563,0.5746268656716418,0.5700636942675159,0.603030303030303,0.5649202733485194,0.5986622073578596,0.5522788203753352,0.5684210526315789,0.6736842105263158,0.5652173913043478,0.6275303643724697,0.5817307692307693,0.5242966751918159,0.5847618986305291,0.04212556819735969,496,0.6435331230283912,0.5678233438485805,0.26498422712933756,0.5754716981132075,0.6876971608832808,0.5362776025236593,0.7413249211356467,0.6561514195583596,0.7641509433962265,0.7129337539432177,0.6529968454258676,0.7034700315457413,0.2555205047318612,0.7264150943396226,0.5646687697160884,0.6277602523659306,0.7823343848580442,0.5646687697160884,0.6477987421383647,0.6813880126182965,0.20189274447949526,0.7381703470031545,0.4889589905362776,0.7610062893081762,0.6466876971608833,0.6077634267801519,0.15497538089036025,487
phoneme,0.01830974578857422,0.004906222818395204,0.015708885192871093,0.003938040472498374,50,40,3,entropy,"{'min_samples_split': 50, 'min_samples_leaf': 40, 'max_depth': 3, 'criterion': 'entropy'}",0.7326549491211841,0.7622571692876966,0.7502312673450509,0.759481961147086,0.7490740740740741,0.7483811285846439,0.7465309898242368,0.755781683626272,0.7548566142460684,0.7490740740740741,0.7456059204440333,0.7622571692876966,0.7465309898242368,0.7613320999074931,0.7472222222222222,0.7696577243293247,0.759481961147086,0.7613320999074931,0.7419056429232193,0.7546296296296297,0.7372802960222017,0.7567067530064755,0.7631822386679001,0.7687326549491211,0.7240740740740741,0.7523302155069038,0.01075492498182296,499,0.8126765157646126,0.8263580359059903,0.817239086990272,0.8193431258603494,0.8301698012576952,0.8146935438584901,0.809660263927197,0.8244855236427899,0.8290594063486569,0.8221841394793092,0.818806051497184,0.827018679703371,0.8396225246502717,0.8093301021291328,0.8100309669203832,0.8354996944522437,0.8167848943795729,0.8233562356516426,0.8145498982005819,0.8179835532163839,0.8033201479842106,0.8296922225708953,0.8203606289328952,0.8327707576019848,0.8089415432193194,0.8205574937658173,0.009037782719230617,490,0.5853658536585366,0.5834683954619124,0.3835616438356164,0.5846645367412141,0.6166902404526167,0.5555555555555556,0.6317204301075269,0.611764705882353,0.6471371504660453,0.6251728907330567,0.6008708272859217,0.6344238975817923,0.37155963302752293,0.6416666666666667,0.5673534072900158,0.615146831530139,0.656084656084656,0.5811688311688312,0.5962373371924746,0.6197991391678622,0.3106796116504854,0.640218878248974,0.5857605177993528,0.659400544959128,0.5790960451977402,0.5793827291098399,0.08786257942516763,489,0.5368421052631579,0.6,0.6942148760330579,0.5941558441558441,0.558974358974359,0.576271186440678,0.550351288056206,0.5730027548209367,0.5612009237875288,0.5566502463054187,0.5564516129032258,0.5777202072538861,0.680672268907563,0.5746268656716418,0.5700636942675159,0.603030303030303,0.5649202733485194,0.5986622073578596,0.5522788203753352,0.5684210526315789,0.6736842105263158,0.5652173913043478,0.6013289036544851,0.5817307692307693,0.5242966751918159,0.583790753579694,0.041385148078193414,499,0.6435331230283912,0.5678233438485805,0.26498422712933756,0.5754716981132075,0.6876971608832808,0.5362776025236593,0.7413249211356467,0.6561514195583596,0.7641509433962265,0.7129337539432177,0.6529968454258676,0.7034700315457413,0.2555205047318612,0.7264150943396226,0.5646687697160884,0.6277602523659306,0.7823343848580442,0.5646687697160884,0.6477987421383647,0.6813880126182965,0.20189274447949526,0.7381703470031545,0.5709779179810726,0.7610062893081762,0.6466876971608833,0.6110441838779438,0.15328454748745166,483
phoneme,0.01813587188720703,0.0062828959008450055,0.014738388061523437,0.006712755016819191,46,41,3,entropy,"{'min_samples_split': 46, 'min_samples_leaf': 41, 'max_depth': 3, 'criterion': 'entropy'}",0.7326549491211841,0.7622571692876966,0.7502312673450509,0.759481961147086,0.7490740740740741,0.7483811285846439,0.7465309898242368,0.755781683626272,0.7548566142460684,0.7490740740740741,0.7456059204440333,0.7622571692876966,0.7465309898242368,0.7613320999074931,0.7472222222222222,0.7696577243293247,0.759481961147086,0.7613320999074931,0.7419056429232193,0.7546296296296297,0.7372802960222017,0.7567067530064755,0.7631822386679001,0.7687326549491211,0.7240740740740741,0.7523302155069038,0.01075492498182296,499,0.8126765157646126,0.8263580359059903,0.817239086990272,0.8193431258603494,0.8301698012576952,0.8146935438584901,0.809660263927197,0.8244855236427899,0.8290594063486569,0.8221841394793092,0.818806051497184,0.827018679703371,0.8396225246502717,0.8093301021291328,0.8100309669203832,0.8354996944522437,0.8167848943795729,0.8233562356516426,0.8145498982005819,0.8179835532163839,0.8033201479842106,0.8296922225708953,0.8203606289328952,0.8327707576019848,0.8089415432193194,0.8205574937658173,0.009037782719230617,490,0.5853658536585366,0.5834683954619124,0.3835616438356164,0.5846645367412141,0.6166902404526167,0.5555555555555556,0.6317204301075269,0.611764705882353,0.6471371504660453,0.6251728907330567,0.6008708272859217,0.6344238975817923,0.37155963302752293,0.6416666666666667,0.5673534072900158,0.615146831530139,0.656084656084656,0.5811688311688312,0.5962373371924746,0.6197991391678622,0.3106796116504854,0.640218878248974,0.5857605177993528,0.659400544959128,0.5790960451977402,0.5793827291098399,0.08786257942516763,489,0.5368421052631579,0.6,0.6942148760330579,0.5941558441558441,0.558974358974359,0.576271186440678,0.550351288056206,0.5730027548209367,0.5612009237875288,0.5566502463054187,0.5564516129032258,0.5777202072538861,0.680672268907563,0.5746268656716418,0.5700636942675159,0.603030303030303,0.5649202733485194,0.5986622073578596,0.5522788203753352,0.5684210526315789,0.6736842105263158,0.5652173913043478,0.6013289036544851,0.5817307692307693,0.5242966751918159,0.583790753579694,0.041385148078193414,499,0.6435331230283912,0.5678233438485805,0.26498422712933756,0.5754716981132075,0.6876971608832808,0.5362776025236593,0.7413249211356467,0.6561514195583596,0.7641509433962265,0.7129337539432177,0.6529968454258676,0.7034700315457413,0.2555205047318612,0.7264150943396226,0.5646687697160884,0.6277602523659306,0.7823343848580442,0.5646687697160884,0.6477987421383647,0.6813880126182965,0.20189274447949526,0.7381703470031545,0.5709779179810726,0.7610062893081762,0.6466876971608833,0.6110441838779438,0.15328454748745166,483
phoneme,0.03282122611999512,0.0010646758861837357,0.00040294647216796873,0.0008614668108781821,47,7,3,entropy,"{'min_samples_split': 47, 'min_samples_leaf': 7, 'max_depth': 3, 'criterion': 'entropy'}",0.7326549491211841,0.7622571692876966,0.7502312673450509,0.7585568917668826,0.7490740740740741,0.7483811285846439,0.7465309898242368,0.755781683626272,0.7548566142460684,0.7490740740740741,0.7456059204440333,0.7622571692876966,0.7465309898242368,0.7613320999074931,0.7472222222222222,0.7696577243293247,0.759481961147086,0.7613320999074931,0.7419056429232193,0.7546296296296297,0.7372802960222017,0.7567067530064755,0.7650323774283071,0.7687326549491211,0.7240740740740741,0.7523672182821118,0.01081273063812676,498,0.8126765157646126,0.8272911952697904,0.817239086990272,0.8187043036013091,0.8301698012576952,0.8149825755198441,0.8107255520504733,0.8244855236427899,0.8290594063486569,0.8221841394793092,0.818806051497184,0.827018679703371,0.8396225246502717,0.8108591541169005,0.8111576005391303,0.8354996944522437,0.8180690207607314,0.8229330107189456,0.8145498982005819,0.8179835532163839,0.8033201479842106,0.8296922225708953,0.8183477298627514,0.8327707576019848,0.8089415432193194,0.8206835875607862,0.008877107339976334,487,0.5853658536585366,0.5834683954619124,0.3835616438356164,0.583732057416268,0.6166902404526167,0.5555555555555556,0.6317204301075269,0.611764705882353,0.6471371504660453,0.6251728907330567,0.6008708272859217,0.6344238975817923,0.37155963302752293,0.6416666666666667,0.5673534072900158,0.615146831530139,0.656084656084656,0.5811688311688312,0.5962373371924746,0.6197991391678622,0.3106796116504854,0.640218878248974,0.549645390070922,0.659400544959128,0.5790960451977402,0.5779008248277049,0.08803989388520907,500,0.5368421052631579,0.6,0.6942148760330579,0.5922330097087378,0.558974358974359,0.576271186440678,0.550351288056206,0.5730027548209367,0.5612009237875288,0.5566502463054187,0.5564516129032258,0.5777202072538861,0.680672268907563,0.5746268656716418,0.5700636942675159,0.603030303030303,0.5649202733485194,0.5986622073578596,0.5522788203753352,0.5684210526315789,0.6736842105263158,0.5652173913043478,0.6275303643724697,0.5817307692307693,0.5242966751918159,0.5847618986305291,0.04212556819735969,496,0.6435331230283912,0.5678233438485805,0.26498422712933756,0.5754716981132075,0.6876971608832808,0.5362776025236593,0.7413249211356467,0.6561514195583596,0.7641509433962265,0.7129337539432177,0.6529968454258676,0.7034700315457413,0.2555205047318612,0.7264150943396226,0.5646687697160884,0.6277602523659306,0.7823343848580442,0.5646687697160884,0.6477987421383647,0.6813880126182965,0.20189274447949526,0.7381703470031545,0.4889589905362776,0.7610062893081762,0.6466876971608833,0.6077634267801519,0.15497538089036025,487
credit_approval,0.00799912452697754,0.007720979505745386,0.011652193069458007,0.006934645022544247,17,14,3,gini,"{'tree__min_samples_split': 17, 'tree__min_samples_leaf': 14, 'tree__max_depth': 3, 'tree__criterion': 'gini'}",0.8188405797101449,0.7898550724637681,0.8623188405797102,0.8623188405797102,0.8623188405797102,0.8913043478260869,0.8260869565217391,0.8478260869565217,0.8043478260869565,0.8478260869565217,0.7898550724637681,0.855072463768116,0.855072463768116,0.8405797101449275,0.8043478260869565,0.8623188405797102,0.8478260869565217,0.8260869565217391,0.8260869565217391,0.8188405797101449,0.8623188405797102,0.8260869565217391,0.8478260869565217,0.8478260869565217,0.7898550724637681,0.8365217391304348,0.02633377600865829,500,0.8813667232597623,0.8937818336162988,0.9346391313604429,0.9161166702150308,0.9512454758356398,0.9376061120543293,0.8795628183361629,0.9132424952097082,0.9196295507770917,0.8996167766659569,0.9059847198641765,0.926358234295416,0.9160102192889078,0.9076005961251864,0.8918458590589738,0.9507640067911717,0.9282682512733447,0.8761975729188843,0.8999361294443261,0.8984458164786032,0.9384550084889641,0.885292869269949,0.9310197998722588,0.9099425164998936,0.9061102831594634,0.9119615788063976,0.021106436169036763,208,0.8466257668711656,0.7851851851851852,0.8689655172413793,0.8689655172413793,0.8834355828220859,0.8936170212765957,0.8285714285714286,0.8531468531468531,0.8343558282208589,0.8609271523178808,0.8220858895705522,0.8591549295774648,0.8611111111111112,0.8472222222222222,0.8029197080291971,0.8613138686131386,0.8711656441717791,0.8356164383561644,0.8285714285714286,0.8226950354609929,0.8613138686131386,0.8356164383561644,0.8711656441717791,0.8551724137931035,0.8323699421965318,0.8476516174283834,0.024467342500716333,500,0.7931034482758621,0.8983050847457628,0.9264705882352942,0.9264705882352942,0.8372093023255814,0.9692307692307692,0.90625,0.9242424242424242,0.7906976744186046,0.8783783783783784,0.7701149425287356,0.9242424242424242,0.9253731343283582,0.9104477611940298,0.9166666666666666,0.9672131147540983,0.8160919540229885,0.8840579710144928,0.9206349206349206,0.90625,0.9672131147540983,0.8714285714285714,0.8255813953488372,0.9117647058823529,0.75,0.8846975573955419,0.06100164761387368,409,0.9078947368421053,0.6973684210526315,0.8181818181818182,0.8181818181818182,0.935064935064935,0.8289473684210527,0.7631578947368421,0.7922077922077922,0.8831168831168831,0.8441558441558441,0.881578947368421,0.8026315789473685,0.8051948051948052,0.7922077922077922,0.7142857142857143,0.7763157894736842,0.9342105263157895,0.7922077922077922,0.7532467532467533,0.7532467532467533,0.7763157894736842,0.8026315789473685,0.922077922077922,0.8051948051948052,0.935064935064935,0.8213875598086124,0.06681306460927056,213
credit_approval,0.008828115463256837,0.007708254903732752,0.011703386306762695,0.007765968488417998,8,1,29,entropy,"{'tree__min_samples_split': 8, 'tree__min_samples_leaf': 1, 'tree__max_depth': 29, 'tree__criterion': 'entropy'}",0.7608695652173914,0.8623188405797102,0.8405797101449275,0.8115942028985508,0.8840579710144928,0.8768115942028986,0.8115942028985508,0.8333333333333334,0.8043478260869565,0.8333333333333334,0.8333333333333334,0.8333333333333334,0.8695652173913043,0.8115942028985508,0.8115942028985508,0.8478260869565217,0.8913043478260869,0.8405797101449275,0.8260869565217391,0.7681159420289855,0.8695652173913043,0.8478260869565217,0.8478260869565217,0.8768115942028986,0.8333333333333334,0.8371014492753622,0.03215432227685424,499,0.7956281833616299,0.8826400679117148,0.884820097934852,0.8192463274430487,0.8880136257185436,0.8946307300509337,0.8434847198641766,0.8400042580370449,0.8569299552906109,0.8767298275494997,0.8536714770797962,0.885611205432937,0.9044070683414946,0.838194592292953,0.8691718117947625,0.8664049235993208,0.9428056027164686,0.8666169895678092,0.8669363423461784,0.8149882903981265,0.9108658743633276,0.8551570458404074,0.8758782201405151,0.9161166702150308,0.8714072812433468,0.8688144475413812,0.0324482452872184,500,0.8,0.8689655172413793,0.8533333333333334,0.8311688311688312,0.8961038961038961,0.8859060402684564,0.821917808219178,0.8496732026143791,0.8211920529801324,0.8496732026143791,0.8516129032258064,0.8391608391608392,0.8783783783783784,0.8333333333333334,0.8243243243243243,0.8627450980392157,0.8951048951048951,0.8552631578947368,0.8356164383561644,0.7808219178082192,0.875,0.8590604026845637,0.8551724137931035,0.8888888888888888,0.8553459119496856,0.850710511499445,0.028000443160999207,478,0.7415730337078652,0.9130434782608695,0.8767123287671232,0.8311688311688312,0.8961038961038961,0.9041095890410958,0.8571428571428571,0.8552631578947368,0.8378378378378378,0.8552631578947368,0.8354430379746836,0.8955223880597015,0.9154929577464789,0.8227848101265823,0.8591549295774648,0.8571428571428571,0.9552238805970149,0.8666666666666667,0.8840579710144928,0.8260869565217391,0.9264705882352942,0.8767123287671232,0.9117647058823529,0.8947368421052632,0.8292682926829268,0.8689898952368196,0.04309497034547874,499,0.868421052631579,0.8289473684210527,0.8311688311688312,0.8311688311688312,0.8961038961038961,0.868421052631579,0.7894736842105263,0.8441558441558441,0.8051948051948052,0.8441558441558441,0.868421052631579,0.7894736842105263,0.8441558441558441,0.8441558441558441,0.7922077922077922,0.868421052631579,0.8421052631578947,0.8441558441558441,0.7922077922077922,0.7402597402597403,0.8289473684210527,0.8421052631578947,0.8051948051948052,0.8831168831168831,0.8831168831168831,0.8350102529049898,0.03578536784821297,138
credit_approval,0.006653327941894532,0.0080485331805016,0.012654485702514649,0.006989364438724696,5,2,5,entropy,"{'tree__min_samples_split': 5, 'tree__min_samples_leaf': 2, 'tree__max_depth': 5, 'tree__criterion': 'entropy'}",0.8115942028985508,0.8115942028985508,0.8405797101449275,0.8405797101449275,0.8985507246376812,0.855072463768116,0.8333333333333334,0.855072463768116,0.8043478260869565,0.8695652173913043,0.7971014492753623,0.8478260869565217,0.8478260869565217,0.8333333333333334,0.8115942028985508,0.8913043478260869,0.855072463768116,0.8043478260869565,0.8260869565217391,0.7898550724637681,0.8840579710144928,0.8188405797101449,0.8768115942028986,0.8768115942028986,0.7753623188405797,0.8382608695652174,0.03258259825251338,498,0.8366935483870968,0.864707130730051,0.8899297423887588,0.8669363423461783,0.9618905684479455,0.9239176570458404,0.8818972835314091,0.9054715776027251,0.9057909303810944,0.9081328507558015,0.8974957555178269,0.9297538200339559,0.9115392803917394,0.881307217372791,0.9069618905684479,0.9341044142614601,0.9338921901528014,0.8592718756653184,0.8813072173727912,0.832765595060677,0.9300721561969439,0.8800933786078099,0.9347455822865658,0.9087715563125399,0.8559718969555035,0.8969368583349628,0.032161777520887114,491,0.8289473684210527,0.8142857142857143,0.8625,0.8493150684931506,0.9041095890410958,0.8717948717948718,0.8391608391608392,0.8648648648648649,0.8343558282208589,0.8767123287671232,0.8292682926829268,0.8679245283018868,0.8531468531468531,0.8435374149659864,0.8169014084507042,0.8993288590604027,0.8734177215189873,0.8211920529801324,0.8378378378378378,0.7913669064748201,0.8888888888888888,0.8251748251748252,0.8811188811188811,0.8827586206896552,0.8208092485549133,0.8511487525158908,0.02888595616888906,477,0.8289473684210527,0.890625,0.8313253012048193,0.8985507246376812,0.9565217391304348,0.85,0.8955223880597015,0.9014084507042254,0.7906976744186046,0.927536231884058,0.7727272727272727,0.8313253012048193,0.9242424242424242,0.8857142857142857,0.8923076923076924,0.9178082191780822,0.8414634146341463,0.8378378378378378,0.8732394366197183,0.8870967741935484,0.9411764705882353,0.8805970149253731,0.9545454545454546,0.9411764705882353,0.7395833333333334,0.8756790512440413,0.05521632826073215,490,0.8289473684210527,0.75,0.8961038961038961,0.8051948051948052,0.8571428571428571,0.8947368421052632,0.7894736842105263,0.8311688311688312,0.8831168831168831,0.8311688311688312,0.8947368421052632,0.9078947368421053,0.7922077922077922,0.8051948051948052,0.7532467532467533,0.881578947368421,0.9078947368421053,0.8051948051948052,0.8051948051948052,0.7142857142857143,0.8421052631578947,0.7763157894736842,0.8181818181818182,0.8311688311688312,0.922077922077922,0.8329733424470267,0.05431337278416885,153
credit_g,0.014919519424438477,0.0060185526431578975,0.013158111572265626,0.007210333071854391,8,1,29,entropy,"{'tree__min_samples_split': 8, 'tree__min_samples_leaf': 1, 'tree__max_depth': 29, 'tree__criterion': 'entropy'}",0.675,0.625,0.635,0.655,0.65,0.635,0.635,0.65,0.67,0.605,0.635,0.635,0.635,0.705,0.675,0.665,0.65,0.66,0.665,0.63,0.725,0.64,0.65,0.64,0.665,0.6524,0.024944738924270186,500,0.6454761904761905,0.6033333333333333,0.6189880952380953,0.618095238095238,0.6394047619047619,0.6659523809523809,0.6547023809523809,0.6634523809523809,0.6314285714285715,0.567202380952381,0.569940476190476,0.6389880952380953,0.6316666666666668,0.6663690476190476,0.6544642857142857,0.621547619047619,0.6294642857142857,0.6320833333333333,0.6188095238095238,0.6514285714285715,0.7148809523809524,0.6208928571428571,0.6189285714285714,0.5757738095238094,0.6725000000000001,0.6330309523809523,0.03253873899135296,500,0.7686832740213523,0.7191011235955056,0.7265917602996255,0.7544483985765125,0.732824427480916,0.7306273062730627,0.7245283018867924,0.7388059701492538,0.7708333333333334,0.7106227106227107,0.7326007326007326,0.7326007326007326,0.7306273062730627,0.7929824561403509,0.7670250896057348,0.7563636363636363,0.7482014388489209,0.7481481481481481,0.7649122807017544,0.7196969696969697,0.7955390334572491,0.7428571428571429,0.7426470588235294,0.7391304347826086,0.7581227436823105,0.7459408724328779,0.02150123875224482,500,0.7659574468085106,0.7559055118110236,0.7637795275590551,0.75177304964539,0.7868852459016393,0.7557251908396947,0.768,0.7734375,0.75,0.7293233082706767,0.7518796992481203,0.7518796992481203,0.7557251908396947,0.7793103448275862,0.7697841726618705,0.7703703703703704,0.7536231884057971,0.7769230769230769,0.7517241379310344,0.7661290322580645,0.8294573643410853,0.7428571428571429,0.7651515151515151,0.75,0.7664233576642335,0.7632810029425481,0.018261699514759575,211,0.7714285714285715,0.6857142857142857,0.6928571428571428,0.7571428571428571,0.6857142857142857,0.7071428571428572,0.6857142857142857,0.7071428571428572,0.7928571428571428,0.6928571428571428,0.7142857142857143,0.7142857142857143,0.7071428571428572,0.8071428571428572,0.7642857142857142,0.7428571428571429,0.7428571428571429,0.7214285714285714,0.7785714285714286,0.6785714285714286,0.7642857142857142,0.7428571428571429,0.7214285714285714,0.7285714285714285,0.75,0.7302857142857142,0.035472323215229556,500
credit_g,0.01239790916442871,0.0070432471819403455,0.01585308074951172,0.005255178937706095,14,1,20,entropy,"{'tree__min_samples_split': 14, 'tree__min_samples_leaf': 1, 'tree__max_depth': 20, 'tree__criterion': 'entropy'}",0.675,0.66,0.665,0.675,0.665,0.675,0.665,0.68,0.68,0.65,0.65,0.665,0.655,0.665,0.69,0.695,0.665,0.685,0.72,0.63,0.71,0.63,0.64,0.69,0.65,0.6692,0.021710826792179047,499,0.6294642857142858,0.6098214285714285,0.6430357142857143,0.6276785714285714,0.6153571428571428,0.6625595238095239,0.5983333333333334,0.6698214285714286,0.6250595238095238,0.5779166666666666,0.5713095238095238,0.6378571428571429,0.6342261904761906,0.6983333333333334,0.6536904761904763,0.6754166666666667,0.6363690476190476,0.6590476190476191,0.6545833333333333,0.6660119047619046,0.7061904761904761,0.6290476190476191,0.6229166666666668,0.6258333333333335,0.6300595238095238,0.638397619047619,0.03155719046178334,499,0.7670250896057348,0.7518248175182481,0.7615658362989324,0.7686832740213523,0.7545787545787546,0.7653429602888087,0.7581227436823105,0.7697841726618705,0.7808219178082192,0.7569444444444444,0.7569444444444444,0.7581227436823105,0.7509025270758123,0.7598566308243727,0.7816901408450704,0.7829181494661922,0.7665505226480837,0.7692307692307693,0.8068965517241379,0.7131782945736435,0.7883211678832117,0.7375886524822695,0.7391304347826086,0.7816901408450704,0.75,0.7631086072566668,0.018410771330585787,499,0.7697841726618705,0.7686567164179104,0.7588652482269503,0.7659574468085106,0.7744360902255639,0.7737226277372263,0.7664233576642335,0.7753623188405797,0.75,0.7364864864864865,0.7364864864864865,0.7664233576642335,0.7591240875912408,0.762589928057554,0.7708333333333334,0.7801418439716312,0.7482993197278912,0.7894736842105263,0.78,0.7796610169491526,0.8059701492537313,0.7323943661971831,0.75,0.7708333333333334,0.75,0.7648770148738251,0.01679189536643912,184,0.7642857142857142,0.7357142857142858,0.7642857142857142,0.7714285714285715,0.7357142857142858,0.7571428571428571,0.75,0.7642857142857142,0.8142857142857143,0.7785714285714286,0.7785714285714286,0.75,0.7428571428571429,0.7571428571428571,0.7928571428571428,0.7857142857142857,0.7857142857142857,0.75,0.8357142857142857,0.6571428571428571,0.7714285714285715,0.7428571428571429,0.7285714285714285,0.7928571428571428,0.75,0.7622857142857142,0.03273393047102093,497
credit_g,0.013298826217651367,0.0059901503682450365,0.01480823516845703,0.006573899835237205,12,3,26,gini,"{'tree__min_samples_split': 12, 'tree__min_samples_leaf': 3, 'tree__max_depth': 26, 'tree__criterion': 'gini'}",0.62,0.625,0.7,0.66,0.67,0.745,0.7,0.665,0.695,0.65,0.62,0.695,0.66,0.665,0.665,0.705,0.68,0.69,0.675,0.675,0.68,0.635,0.68,0.67,0.69,0.6726000000000001,0.028146758250285224,498,0.6263690476190475,0.6009523809523809,0.6505952380952381,0.6117261904761905,0.6428571428571428,0.7107142857142857,0.6814285714285714,0.6701785714285714,0.6747619047619048,0.6673214285714285,0.6124404761904761,0.6743452380952382,0.6292261904761904,0.6931547619047619,0.6350595238095238,0.7425595238095237,0.6658333333333334,0.6814880952380953,0.6455952380952381,0.6576785714285714,0.69,0.6518452380952381,0.6048214285714286,0.6361309523809524,0.6461904761904762,0.6561309523809524,0.033343472097537685,497,0.7164179104477612,0.7232472324723247,0.7887323943661971,0.7605633802816901,0.762589928057554,0.8172043010752689,0.7972972972972973,0.7581227436823105,0.7859649122807018,0.7368421052631579,0.7285714285714285,0.7813620071684588,0.7588652482269503,0.7615658362989324,0.7649122807017544,0.7915194346289752,0.7730496453900709,0.7737226277372263,0.7719298245614035,0.7601476014760148,0.7664233576642335,0.7402135231316725,0.7793103448275862,0.7608695652173914,0.7862068965517242,0.7658260730951235,0.023299067637361948,497,0.75,0.7480916030534351,0.7777777777777778,0.75,0.7681159420289855,0.8201438848920863,0.7564102564102564,0.7664233576642335,0.7724137931034483,0.7777777777777778,0.7285714285714285,0.7841726618705036,0.7535211267605634,0.7588652482269503,0.7517241379310344,0.7832167832167832,0.7676056338028169,0.7910447761194029,0.7586206896551724,0.7862595419847328,0.7835820895522388,0.7375886524822695,0.7533333333333333,0.7720588235294118,0.76,0.7662927727897858,0.01903629733129421,158,0.6857142857142857,0.7,0.8,0.7714285714285715,0.7571428571428571,0.8142857142857143,0.8428571428571429,0.75,0.8,0.7,0.7285714285714285,0.7785714285714286,0.7642857142857142,0.7642857142857142,0.7785714285714286,0.8,0.7785714285714286,0.7571428571428571,0.7857142857142857,0.7357142857142858,0.75,0.7428571428571429,0.8071428571428572,0.75,0.8142857142857143,0.7662857142857142,0.03771645015434113,496
kr_vs_kp,0.03102189064025879,0.006031180067404582,0.026788110733032226,0.007342491741678441,37,53,3,gini,"{'tree__min_samples_split': 37, 'tree__min_samples_leaf': 53, 'tree__max_depth': 3, 'tree__criterion': 'gini'}",0.9078125,0.9061032863849765,0.9154929577464789,0.9014084507042254,0.8904538341158059,0.909375,0.9061032863849765,0.8794992175273866,0.9248826291079812,0.9014084507042254,0.9078125,0.9045383411580594,0.9107981220657277,0.8998435054773083,0.8982785602503912,0.8953125,0.9264475743348983,0.8935837245696401,0.8951486697965572,0.9107981220657277,0.8875,0.918622848200313,0.9154929577464789,0.9061032863849765,0.8935837245696401,0.9042561619718312,0.011082579297549407,478,0.9445618566787993,0.9406449396289388,0.9417296554432121,0.9359330519289291,0.9316129855345542,0.9409220774137999,0.9393786198095613,0.9216648669873369,0.9514528320408363,0.9383353942177471,0.9433094595123479,0.9407136546578972,0.9409688819083144,0.9317021694316285,0.935926122200632,0.9334419396501116,0.9525228232060469,0.9316727201335036,0.9377883577108079,0.9390910518361499,0.9271848459942859,0.947668597231766,0.9439874349661332,0.9404976931383136,0.9343853657579149,0.9386838958807827,0.0068777821119216705,478,0.8973913043478261,0.8943661971830986,0.9052631578947369,0.8896672504378283,0.8741007194244604,0.8982456140350877,0.8939929328621908,0.8646748681898067,0.9163763066202091,0.8877005347593583,0.8987993138936535,0.8916518650088809,0.8991150442477877,0.8857142857142857,0.8857644991212654,0.8814159292035398,0.9185441941074524,0.8794326241134752,0.8814159292035398,0.8998242530755711,0.8741258741258742,0.9087719298245615,0.9049295774647887,0.8939929328621908,0.8794326241134752,0.892188390473398,0.012947398886667428,478,0.9591078066914498,0.9657794676806084,0.9735849056603774,0.9548872180451128,0.972,0.9696969696969697,0.9693486590038314,0.9318181818181818,0.9776951672862454,0.9764705882352941,0.9458483754512635,0.9728682170542635,0.9769230769230769,0.9725490196078431,0.9581749049429658,0.9613899613899614,0.9742647058823529,0.9575289575289575,0.9576923076923077,0.973384030418251,0.9398496240601504,0.9773584905660377,0.9771863117870723,0.9693486590038314,0.9612403100775194,0.9650398366601571,0.012024356600287032,239,0.8431372549019608,0.8327868852459016,0.8459016393442623,0.8327868852459016,0.7941176470588235,0.8366013071895425,0.8295081967213115,0.8065573770491803,0.8622950819672132,0.8137254901960784,0.8562091503267973,0.8229508196721311,0.8327868852459016,0.8131147540983606,0.8235294117647058,0.8137254901960784,0.8688524590163934,0.8131147540983606,0.8163934426229508,0.8366013071895425,0.8169934640522876,0.8491803278688524,0.8426229508196721,0.8295081967213115,0.8104575163398693,0.8297383477981356,0.017962321159986132,478
kr_vs_kp,0.031310529708862306,0.005389734887188655,0.02649934768676758,0.00758238233097207,17,14,3,gini,"{'tree__min_samples_split': 17, 'tree__min_samples_leaf': 14, 'tree__max_depth': 3, 'tree__criterion': 'gini'}",0.9078125,0.9061032863849765,0.9154929577464789,0.9014084507042254,0.8904538341158059,0.909375,0.9061032863849765,0.8794992175273866,0.9248826291079812,0.9014084507042254,0.9078125,0.9045383411580594,0.9107981220657277,0.8998435054773083,0.8982785602503912,0.8953125,0.9264475743348983,0.8935837245696401,0.8951486697965572,0.9107981220657277,0.8875,0.918622848200313,0.9154929577464789,0.9061032863849765,0.8935837245696401,0.9042561619718312,0.011082579297549407,478,0.9445618566787993,0.9406449396289388,0.9417296554432121,0.9359330519289291,0.9316129855345542,0.9409220774137999,0.9393786198095613,0.9216648669873369,0.9514528320408363,0.9383353942177471,0.9433094595123479,0.9407136546578972,0.9409688819083144,0.9317021694316285,0.935926122200632,0.9334419396501116,0.9525228232060469,0.9316727201335036,0.9377883577108079,0.9390910518361499,0.9271848459942859,0.947668597231766,0.9439874349661332,0.9404976931383136,0.9343853657579149,0.9386838958807827,0.0068777821119216705,478,0.8973913043478261,0.8943661971830986,0.9052631578947369,0.8896672504378283,0.8741007194244604,0.8982456140350877,0.8939929328621908,0.8646748681898067,0.9163763066202091,0.8877005347593583,0.8987993138936535,0.8916518650088809,0.8991150442477877,0.8857142857142857,0.8857644991212654,0.8814159292035398,0.9185441941074524,0.8794326241134752,0.8814159292035398,0.8998242530755711,0.8741258741258742,0.9087719298245615,0.9049295774647887,0.8939929328621908,0.8794326241134752,0.892188390473398,0.012947398886667428,478,0.9591078066914498,0.9657794676806084,0.9735849056603774,0.9548872180451128,0.972,0.9696969696969697,0.9693486590038314,0.9318181818181818,0.9776951672862454,0.9764705882352941,0.9458483754512635,0.9728682170542635,0.9769230769230769,0.9725490196078431,0.9581749049429658,0.9613899613899614,0.9742647058823529,0.9575289575289575,0.9576923076923077,0.973384030418251,0.9398496240601504,0.9773584905660377,0.9771863117870723,0.9693486590038314,0.9612403100775194,0.9650398366601571,0.012024356600287032,239,0.8431372549019608,0.8327868852459016,0.8459016393442623,0.8327868852459016,0.7941176470588235,0.8366013071895425,0.8295081967213115,0.8065573770491803,0.8622950819672132,0.8137254901960784,0.8562091503267973,0.8229508196721311,0.8327868852459016,0.8131147540983606,0.8235294117647058,0.8137254901960784,0.8688524590163934,0.8131147540983606,0.8163934426229508,0.8366013071895425,0.8169934640522876,0.8491803278688524,0.8426229508196721,0.8295081967213115,0.8104575163398693,0.8297383477981356,0.017962321159986132,478
kr_vs_kp,0.03339597702026367,0.00372885664911729,0.025089330673217773,0.008021076056764595,32,19,3,entropy,"{'tree__min_samples_split': 32, 'tree__min_samples_leaf': 19, 'tree__max_depth': 3, 'tree__criterion': 'entropy'}",0.9078125,0.9061032863849765,0.9154929577464789,0.9014084507042254,0.8904538341158059,0.909375,0.9061032863849765,0.8794992175273866,0.9248826291079812,0.9014084507042254,0.9078125,0.9045383411580594,0.9107981220657277,0.8998435054773083,0.8982785602503912,0.8953125,0.9264475743348983,0.8935837245696401,0.8951486697965572,0.9107981220657277,0.8875,0.918622848200313,0.9154929577464789,0.9061032863849765,0.8935837245696401,0.9042561619718312,0.011082579297549407,478,0.942150013698094,0.9383037204279964,0.9419701580445667,0.9347550800039266,0.9316129855345542,0.9405600563578725,0.9380779424757043,0.9203789143025425,0.9503190340630214,0.9383353942177471,0.9408438025908967,0.9394866005693531,0.9409688819083144,0.9317021694316285,0.9354109010971756,0.9316269421940433,0.9525228232060469,0.9285412780995387,0.936207912044763,0.9390910518361499,0.9257954678877538,0.9460783351330128,0.9439874349661332,0.9389810542848729,0.9330605114918841,0.9376307386347038,0.007031987042517435,487,0.8973913043478261,0.8943661971830986,0.9052631578947369,0.8896672504378283,0.8741007194244604,0.8982456140350877,0.8939929328621908,0.8646748681898067,0.9163763066202091,0.8877005347593583,0.8987993138936535,0.8916518650088809,0.8991150442477877,0.8857142857142857,0.8857644991212654,0.8814159292035398,0.9185441941074524,0.8794326241134752,0.8814159292035398,0.8998242530755711,0.8741258741258742,0.9087719298245615,0.9049295774647887,0.8939929328621908,0.8794326241134752,0.892188390473398,0.012947398886667428,478,0.9591078066914498,0.9657794676806084,0.9735849056603774,0.9548872180451128,0.972,0.9696969696969697,0.9693486590038314,0.9318181818181818,0.9776951672862454,0.9764705882352941,0.9458483754512635,0.9728682170542635,0.9769230769230769,0.9725490196078431,0.9581749049429658,0.9613899613899614,0.9742647058823529,0.9575289575289575,0.9576923076923077,0.973384030418251,0.9398496240601504,0.9773584905660377,0.9771863117870723,0.9693486590038314,0.9612403100775194,0.9650398366601571,0.012024356600287032,239,0.8431372549019608,0.8327868852459016,0.8459016393442623,0.8327868852459016,0.7941176470588235,0.8366013071895425,0.8295081967213115,0.8065573770491803,0.8622950819672132,0.8137254901960784,0.8562091503267973,0.8229508196721311,0.8327868852459016,0.8131147540983606,0.8235294117647058,0.8137254901960784,0.8688524590163934,0.8131147540983606,0.8163934426229508,0.8366013071895425,0.8169934640522876,0.8491803278688524,0.8426229508196721,0.8295081967213115,0.8104575163398693,0.8297383477981356,0.017962321159986132,478
credit_g_mod,0.018642988204956055,0.0051832435965676734,0.014671449661254882,0.00518364174823922,8,1,29,entropy,"{'tree__min_samples_split': 8, 'tree__min_samples_leaf': 1, 'tree__max_depth': 29, 'tree__criterion': 'entropy'}",0.705,0.605,0.66,0.595,0.7,0.66,0.645,0.64,0.685,0.67,0.675,0.665,0.635,0.66,0.695,0.67,0.71,0.665,0.695,0.645,0.68,0.65,0.645,0.69,0.675,0.6648000000000001,0.028052807346146298,500,0.6739880952380952,0.5392261904761905,0.6449404761904762,0.5345833333333334,0.7002976190476191,0.6420238095238096,0.6243452380952381,0.6348809523809524,0.6388690476190476,0.577202380952381,0.6364880952380952,0.6528571428571428,0.6292261904761904,0.6513095238095239,0.6514285714285715,0.6469047619047619,0.6729761904761904,0.6405357142857143,0.6396428571428572,0.6475,0.6613095238095239,0.6236904761904762,0.5948214285714286,0.6473809523809524,0.68125,0.6355071428571428,0.0379790606468755,500,0.794425087108014,0.7208480565371025,0.7536231884057971,0.7075812274368231,0.7794117647058824,0.746268656716418,0.7436823104693141,0.7391304347826086,0.7709090909090909,0.762589928057554,0.7619047619047619,0.7632508833922261,0.7286245353159851,0.746268656716418,0.7829181494661922,0.762589928057554,0.8,0.7545787545787546,0.7859649122807018,0.7300380228136882,0.7611940298507462,0.7407407407407407,0.7526132404181185,0.7769784172661871,0.7601476014760148,0.7570512951762677,0.022196818408934886,500,0.7755102040816326,0.7132867132867133,0.7647058823529411,0.7153284671532847,0.803030303030303,0.78125,0.7518248175182481,0.75,0.7851851851851852,0.7681159420289855,0.7819548872180451,0.7552447552447552,0.7596899224806202,0.78125,0.7801418439716312,0.7681159420289855,0.7733333333333333,0.7744360902255639,0.7724137931034483,0.7804878048780488,0.796875,0.7692307692307693,0.7346938775510204,0.782608695652174,0.7862595419847328,0.7681989508616169,0.021544330682105966,186,0.8142857142857143,0.7285714285714285,0.7428571428571429,0.7,0.7571428571428571,0.7142857142857143,0.7357142857142858,0.7285714285714285,0.7571428571428571,0.7571428571428571,0.7428571428571429,0.7714285714285715,0.7,0.7142857142857143,0.7857142857142857,0.7571428571428571,0.8285714285714286,0.7357142857142858,0.8,0.6857142857142857,0.7285714285714285,0.7142857142857143,0.7714285714285715,0.7714285714285715,0.7357142857142858,0.7471428571428572,0.034934340744678535,500
credit_g_mod,0.018165082931518556,0.005314073894007973,0.013627748489379882,0.006045977216673078,14,1,20,entropy,"{'tree__min_samples_split': 14, 'tree__min_samples_leaf': 1, 'tree__max_depth': 20, 'tree__criterion': 'entropy'}",0.695,0.6,0.66,0.62,0.69,0.675,0.65,0.705,0.7,0.615,0.7,0.67,0.64,0.71,0.7,0.71,0.7,0.695,0.705,0.64,0.685,0.66,0.645,0.72,0.66,0.674,0.03274141108748978,499,0.6808928571428572,0.5704166666666667,0.6651190476190476,0.6016071428571428,0.6988095238095238,0.6346428571428572,0.6338095238095238,0.6421428571428571,0.6846428571428571,0.5539880952380952,0.6331547619047619,0.6723214285714285,0.6204166666666667,0.6800595238095238,0.6569642857142857,0.6729166666666667,0.6511904761904761,0.6635119047619048,0.6494047619047619,0.6658333333333333,0.6595238095238095,0.6460119047619048,0.6290476190476191,0.6529761904761905,0.6485119047619048,0.6467166666666667,0.032909248195302866,499,0.7903780068728522,0.7058823529411765,0.7536231884057971,0.7323943661971831,0.7720588235294118,0.7670250896057348,0.75177304964539,0.8,0.7902097902097902,0.7298245614035088,0.7916666666666666,0.7608695652173914,0.7391304347826086,0.7898550724637681,0.7916666666666666,0.8027210884353742,0.7986577181208053,0.784452296819788,0.7972508591065293,0.7142857142857143,0.7657992565055762,0.7571428571428571,0.7508771929824561,0.8068965517241379,0.7481481481481481,0.7677035727151733,0.028318959806001454,498,0.7615894039735099,0.7272727272727273,0.7647058823529411,0.7222222222222222,0.7954545454545454,0.7697841726618705,0.7464788732394366,0.7612903225806451,0.773972602739726,0.7172413793103448,0.7702702702702703,0.7720588235294118,0.75,0.8014705882352942,0.7702702702702703,0.7662337662337663,0.7531645569620253,0.7762237762237763,0.7682119205298014,0.8035714285714286,0.7984496124031008,0.7571428571428571,0.7379310344827587,0.78,0.7769230769230769,0.7648773645434322,0.022485381737476162,247,0.8214285714285714,0.6857142857142857,0.7428571428571429,0.7428571428571429,0.75,0.7642857142857142,0.7571428571428571,0.8428571428571429,0.8071428571428572,0.7428571428571429,0.8142857142857143,0.75,0.7285714285714285,0.7785714285714286,0.8142857142857143,0.8428571428571429,0.85,0.7928571428571428,0.8285714285714286,0.6428571428571429,0.7357142857142858,0.7571428571428571,0.7642857142857142,0.8357142857142857,0.7214285714285714,0.7725714285714286,0.05101740399318728,497
credit_g_mod,0.016614561080932618,0.00020829335558049682,0.0146697998046875,0.00520388691436331,6,1,10,entropy,"{'tree__min_samples_split': 6, 'tree__min_samples_leaf': 1, 'tree__max_depth': 10, 'tree__criterion': 'entropy'}",0.67,0.61,0.72,0.63,0.7,0.725,0.67,0.685,0.685,0.66,0.67,0.665,0.665,0.72,0.635,0.675,0.7,0.665,0.705,0.68,0.675,0.635,0.645,0.7,0.68,0.6747999999999998,0.02865239955047394,498,0.6405952380952381,0.5732142857142858,0.7067261904761906,0.577202380952381,0.7260714285714285,0.7061309523809525,0.6957142857142857,0.6801785714285714,0.7208928571428572,0.5961904761904762,0.6354166666666666,0.6733928571428571,0.6463095238095238,0.7201190476190475,0.6358333333333334,0.7027380952380953,0.6699404761904761,0.6504166666666668,0.6285119047619048,0.6783333333333333,0.6526785714285714,0.6318452380952381,0.6348214285714286,0.6928571428571428,0.6926190476190476,0.66275,0.04235654728026906,495,0.7591240875912408,0.7045454545454546,0.8082191780821918,0.7299270072992701,0.7794117647058824,0.8070175438596491,0.7480916030534351,0.7849829351535836,0.7586206896551724,0.7622377622377622,0.7659574468085106,0.7471698113207547,0.7563636363636363,0.8082191780821918,0.7203065134099617,0.7430830039525692,0.8,0.7471698113207547,0.7958477508650519,0.7538461538461538,0.7547169811320755,0.743859649122807,0.754325259515571,0.7872340425531915,0.7730496453900709,0.7637330763946777,0.02686091159989573,499,0.7761194029850746,0.75,0.7763157894736842,0.746268656716418,0.803030303030303,0.7931034482758621,0.8032786885245902,0.7516339869281046,0.8181818181818182,0.7465753424657534,0.7605633802816901,0.792,0.7703703703703704,0.7763157894736842,0.7768595041322314,0.831858407079646,0.75,0.792,0.7718120805369127,0.8166666666666667,0.8,0.7310344827586207,0.7315436241610739,0.7816901408450704,0.7676056338028169,0.7765931006676157,0.026446014567339683,75,0.7428571428571429,0.6642857142857143,0.8428571428571429,0.7142857142857143,0.7571428571428571,0.8214285714285714,0.7,0.8214285714285714,0.7071428571428572,0.7785714285714286,0.7714285714285715,0.7071428571428572,0.7428571428571429,0.8428571428571429,0.6714285714285714,0.6714285714285714,0.8571428571428571,0.7071428571428572,0.8214285714285714,0.7,0.7142857142857143,0.7571428571428571,0.7785714285714286,0.7928571428571428,0.7785714285714286,0.7545714285714286,0.05699552434988529,499
phoneme_mod,0.01830974578857422,0.004906222818395204,0.015708885192871093,0.003938040472498374,50,40,3,entropy,"{'min_samples_split': 50, 'min_samples_leaf': 40, 'max_depth': 3, 'criterion': 'entropy'}",0.7326549491211841,0.7622571692876966,0.7502312673450509,0.759481961147086,0.7490740740740741,0.7483811285846439,0.7465309898242368,0.755781683626272,0.7548566142460684,0.7490740740740741,0.7456059204440333,0.7622571692876966,0.7465309898242368,0.7613320999074931,0.7472222222222222,0.7696577243293247,0.759481961147086,0.7613320999074931,0.7419056429232193,0.7546296296296297,0.7372802960222017,0.7567067530064755,0.7631822386679001,0.7687326549491211,0.7240740740740741,0.7523302155069038,0.01075492498182296,499,0.8126765157646126,0.8263580359059903,0.817239086990272,0.8193431258603494,0.8301698012576952,0.8146935438584901,0.809660263927197,0.8244855236427899,0.8290594063486569,0.8221841394793092,0.818806051497184,0.827018679703371,0.8396225246502717,0.8093301021291328,0.8100309669203832,0.8354996944522437,0.8167848943795729,0.8233562356516426,0.8145498982005819,0.8179835532163839,0.8033201479842106,0.8296922225708953,0.8203606289328952,0.8327707576019848,0.8089415432193194,0.8205574937658173,0.009037782719230617,490,0.5853658536585366,0.5834683954619124,0.3835616438356164,0.5846645367412141,0.6166902404526167,0.5555555555555556,0.6317204301075269,0.611764705882353,0.6471371504660453,0.6251728907330567,0.6008708272859217,0.6344238975817923,0.37155963302752293,0.6416666666666667,0.5673534072900158,0.615146831530139,0.656084656084656,0.5811688311688312,0.5962373371924746,0.6197991391678622,0.3106796116504854,0.640218878248974,0.5857605177993528,0.659400544959128,0.5790960451977402,0.5793827291098399,0.08786257942516763,489,0.5368421052631579,0.6,0.6942148760330579,0.5941558441558441,0.558974358974359,0.576271186440678,0.550351288056206,0.5730027548209367,0.5612009237875288,0.5566502463054187,0.5564516129032258,0.5777202072538861,0.680672268907563,0.5746268656716418,0.5700636942675159,0.603030303030303,0.5649202733485194,0.5986622073578596,0.5522788203753352,0.5684210526315789,0.6736842105263158,0.5652173913043478,0.6013289036544851,0.5817307692307693,0.5242966751918159,0.583790753579694,0.041385148078193414,499,0.6435331230283912,0.5678233438485805,0.26498422712933756,0.5754716981132075,0.6876971608832808,0.5362776025236593,0.7413249211356467,0.6561514195583596,0.7641509433962265,0.7129337539432177,0.6529968454258676,0.7034700315457413,0.2555205047318612,0.7264150943396226,0.5646687697160884,0.6277602523659306,0.7823343848580442,0.5646687697160884,0.6477987421383647,0.6813880126182965,0.20189274447949526,0.7381703470031545,0.5709779179810726,0.7610062893081762,0.6466876971608833,0.6110441838779438,0.15328454748745166,483
phoneme_mod,0.01813587188720703,0.0062828959008450055,0.014738388061523437,0.006712755016819191,46,41,3,entropy,"{'min_samples_split': 46, 'min_samples_leaf': 41, 'max_depth': 3, 'criterion': 'entropy'}",0.7326549491211841,0.7622571692876966,0.7502312673450509,0.759481961147086,0.7490740740740741,0.7483811285846439,0.7465309898242368,0.755781683626272,0.7548566142460684,0.7490740740740741,0.7456059204440333,0.7622571692876966,0.7465309898242368,0.7613320999074931,0.7472222222222222,0.7696577243293247,0.759481961147086,0.7613320999074931,0.7419056429232193,0.7546296296296297,0.7372802960222017,0.7567067530064755,0.7631822386679001,0.7687326549491211,0.7240740740740741,0.7523302155069038,0.01075492498182296,499,0.8126765157646126,0.8263580359059903,0.817239086990272,0.8193431258603494,0.8301698012576952,0.8146935438584901,0.809660263927197,0.8244855236427899,0.8290594063486569,0.8221841394793092,0.818806051497184,0.827018679703371,0.8396225246502717,0.8093301021291328,0.8100309669203832,0.8354996944522437,0.8167848943795729,0.8233562356516426,0.8145498982005819,0.8179835532163839,0.8033201479842106,0.8296922225708953,0.8203606289328952,0.8327707576019848,0.8089415432193194,0.8205574937658173,0.009037782719230617,490,0.5853658536585366,0.5834683954619124,0.3835616438356164,0.5846645367412141,0.6166902404526167,0.5555555555555556,0.6317204301075269,0.611764705882353,0.6471371504660453,0.6251728907330567,0.6008708272859217,0.6344238975817923,0.37155963302752293,0.6416666666666667,0.5673534072900158,0.615146831530139,0.656084656084656,0.5811688311688312,0.5962373371924746,0.6197991391678622,0.3106796116504854,0.640218878248974,0.5857605177993528,0.659400544959128,0.5790960451977402,0.5793827291098399,0.08786257942516763,489,0.5368421052631579,0.6,0.6942148760330579,0.5941558441558441,0.558974358974359,0.576271186440678,0.550351288056206,0.5730027548209367,0.5612009237875288,0.5566502463054187,0.5564516129032258,0.5777202072538861,0.680672268907563,0.5746268656716418,0.5700636942675159,0.603030303030303,0.5649202733485194,0.5986622073578596,0.5522788203753352,0.5684210526315789,0.6736842105263158,0.5652173913043478,0.6013289036544851,0.5817307692307693,0.5242966751918159,0.583790753579694,0.041385148078193414,499,0.6435331230283912,0.5678233438485805,0.26498422712933756,0.5754716981132075,0.6876971608832808,0.5362776025236593,0.7413249211356467,0.6561514195583596,0.7641509433962265,0.7129337539432177,0.6529968454258676,0.7034700315457413,0.2555205047318612,0.7264150943396226,0.5646687697160884,0.6277602523659306,0.7823343848580442,0.5646687697160884,0.6477987421383647,0.6813880126182965,0.20189274447949526,0.7381703470031545,0.5709779179810726,0.7610062893081762,0.6466876971608833,0.6110441838779438,0.15328454748745166,483
phoneme_mod,0.03282122611999512,0.0010646758861837357,0.00040294647216796873,0.0008614668108781821,47,7,3,entropy,"{'min_samples_split': 47, 'min_samples_leaf': 7, 'max_depth': 3, 'criterion': 'entropy'}",0.7326549491211841,0.7622571692876966,0.7502312673450509,0.7585568917668826,0.7490740740740741,0.7483811285846439,0.7465309898242368,0.755781683626272,0.7548566142460684,0.7490740740740741,0.7456059204440333,0.7622571692876966,0.7465309898242368,0.7613320999074931,0.7472222222222222,0.7696577243293247,0.759481961147086,0.7613320999074931,0.7419056429232193,0.7546296296296297,0.7372802960222017,0.7567067530064755,0.7650323774283071,0.7687326549491211,0.7240740740740741,0.7523672182821118,0.01081273063812676,498,0.8126765157646126,0.8272911952697904,0.817239086990272,0.8187043036013091,0.8301698012576952,0.8149825755198441,0.8107255520504733,0.8244855236427899,0.8290594063486569,0.8221841394793092,0.818806051497184,0.827018679703371,0.8396225246502717,0.8108591541169005,0.8111576005391303,0.8354996944522437,0.8180690207607314,0.8229330107189456,0.8145498982005819,0.8179835532163839,0.8033201479842106,0.8296922225708953,0.8183477298627514,0.8327707576019848,0.8089415432193194,0.8206835875607862,0.008877107339976334,487,0.5853658536585366,0.5834683954619124,0.3835616438356164,0.583732057416268,0.6166902404526167,0.5555555555555556,0.6317204301075269,0.611764705882353,0.6471371504660453,0.6251728907330567,0.6008708272859217,0.6344238975817923,0.37155963302752293,0.6416666666666667,0.5673534072900158,0.615146831530139,0.656084656084656,0.5811688311688312,0.5962373371924746,0.6197991391678622,0.3106796116504854,0.640218878248974,0.549645390070922,0.659400544959128,0.5790960451977402,0.5779008248277049,0.08803989388520907,500,0.5368421052631579,0.6,0.6942148760330579,0.5922330097087378,0.558974358974359,0.576271186440678,0.550351288056206,0.5730027548209367,0.5612009237875288,0.5566502463054187,0.5564516129032258,0.5777202072538861,0.680672268907563,0.5746268656716418,0.5700636942675159,0.603030303030303,0.5649202733485194,0.5986622073578596,0.5522788203753352,0.5684210526315789,0.6736842105263158,0.5652173913043478,0.6275303643724697,0.5817307692307693,0.5242966751918159,0.5847618986305291,0.04212556819735969,496,0.6435331230283912,0.5678233438485805,0.26498422712933756,0.5754716981132075,0.6876971608832808,0.5362776025236593,0.7413249211356467,0.6561514195583596,0.7641509433962265,0.7129337539432177,0.6529968454258676,0.7034700315457413,0.2555205047318612,0.7264150943396226,0.5646687697160884,0.6277602523659306,0.7823343848580442,0.5646687697160884,0.6477987421383647,0.6813880126182965,0.20189274447949526,0.7381703470031545,0.4889589905362776,0.7610062893081762,0.6466876971608833,0.6077634267801519,0.15497538089036025,487
